,id,chrom,start,end
0,gene_1,chr01,1512,2366
1,gene_14,chr01,29161,29333
2,gene_27,chr01,38275,38317
3,gene_40,chr01,47695,47695
4,gene_54,chr01,56059,56059
5,gene_67,chr01,61507,61645
6,gene_80,chr01,68448,68448
7,gene_94,chr01,71737,71746
8,gene_107,chr01,80562,80562
9,gene_120,chr01,86129,86236
10,gene_134,chr01,104485,104660
11,gene_147,chr01,111944,112996
12,gene_160,chr01,117313,117313
13,gene_174,chr01,160401,160656
14,gene_187,chr01,178464,188945
15,gene_200,chr01,197584,197933
16,gene_214,chr02,10779,10779
17,gene_227,chr02,21921,21921
18,gene_240,chr02,36520,36520
19,gene_254,chr02,44220,44271
20,gene_267,chr02,59338,59365
21,gene_280,chr02,67191,67549
22,gene_294,chr02,72226,72355
23,gene_307,chr02,83666,83936
24,gene_320,chr02,90507,90582
25,gene_334,chr02,104871,104871
26,gene_347,chr02,123246,123341
27,gene_360,chr02,128496,128496
28,gene_374,chr02,138800,139106
29,gene_387,chr02,146584,146971
30,gene_400,chr02,158988,159084
31,gene_414,chr02,169774,170111
32,gene_427,chr02,180383,180920
33,gene_440,chr02,191196,192604
34,gene_454,chr02,202617,202617
35,gene_467,chr02,217284,217284
36,gene_480,chr02,234928,235180
37,gene_494,chr02,245106,245436
38,gene_507,chr02,252120,252120
39,gene_520,chr02,257256,257761
40,gene_534,chr02,267929,267929
41,gene_547,chr02,289006,289053
42,gene_560,chr02,299860,300151
43,gene_574,chr02,317875,317875
44,gene_587,chr02,328328,330010
45,gene_600,chr02,339019,339027
46,gene_614,chr02,351699,351699
47,gene_627,chr02,365511,365717
48,gene_640,chr02,375900,375900
49,gene_653,chr02,389863,389899
50,gene_667,chr02,415196,415730
51,gene_680,chr02,459275,460105
52,gene_693,chr02,472778,473445
53,gene_707,chr02,483381,483831
54,gene_720,chr02,494158,494158
55,gene_733,chr02,501538,501538
56,gene_747,chr02,507846,508786
57,gene_760,chr02,519446,521724
58,gene_773,chr02,533161,533618
59,gene_787,chr02,542344,542344
60,gene_800,chr02,549019,549962
61,gene_813,chr02,554344,555891
62,gene_827,chr02,563551,563551
63,gene_840,chr02,569989,569989
64,gene_853,chr02,575736,575736
65,gene_867,chr02,585804,586174
66,gene_880,chr02,593086,593527
67,gene_893,chr02,602186,602197
68,gene_907,chr02,609230,609379
69,gene_920,chr02,615689,616481
70,gene_933,chr02,625764,625764
71,gene_947,chr02,632192,632192
72,gene_960,chr02,637940,638051
73,gene_973,chr02,649194,649876
74,gene_987,chr02,659382,659382
75,gene_1000,chr02,669646,669646
76,gene_1013,chr02,678296,678713
77,gene_1027,chr02,691673,691673
78,gene_1040,chr02,706932,707024
79,gene_1053,chr02,720441,720441
80,gene_1067,chr02,732103,732103
81,gene_1080,chr02,745755,745755
82,gene_1093,chr02,752287,752287
83,gene_1107,chr02,763001,764870
84,gene_1120,chr02,791548,792304
85,gene_1133,chr02,809212,814116
86,gene_1147,chr03,49786,49786
87,gene_1160,chr03,59124,59124
88,gene_1173,chr03,65957,65957
89,gene_1187,chr03,74229,74373
90,gene_1200,chr03,82656,82665
91,gene_1213,chr03,96031,96151
92,gene_1227,chr03,106923,106923
93,gene_1240,chr03,114131,114131
94,gene_1253,chr03,117583,117583
95,gene_1267,chr03,125110,125110
96,gene_1280,chr03,150307,151558
97,gene_1293,chr03,169652,169994
98,gene_1306,chr03,193955,194503
99,gene_1320,chr03,203935,204052
100,gene_1333,chr03,207932,207932
101,gene_1346,chr03,211439,211439
102,gene_1360,chr03,217228,217228
103,gene_1373,chr03,236013,236992
104,gene_1386,chr03,243265,243265
105,gene_1400,chr03,253736,254051
106,gene_1413,chr03,264684,264831
107,gene_1426,chr03,276316,276316
108,gene_1440,chr03,298707,299774
109,gene_1453,chr04,8333,16078
110,gene_1466,chr04,19372,19374
111,gene_1480,chr04,22530,22530
112,gene_1493,chr04,27285,27650
113,gene_1506,chr04,32268,33187
114,gene_1520,chr04,43444,43537
115,gene_1533,chr04,54230,55109
116,gene_1546,chr04,63990,64075
117,gene_1560,chr04,67820,69122
118,gene_1573,chr04,87751,88760
119,gene_1586,chr04,109905,114849
120,gene_1600,chr04,141992,143228
121,gene_1613,chr04,159230,159450
122,gene_1626,chr04,168613,169888
123,gene_1640,chr04,177027,177297
124,gene_1653,chr04,188149,188149
125,gene_1666,chr04,202348,202348
126,gene_1680,chr04,213339,213339
127,gene_1693,chr04,218724,218724
128,gene_1706,chr04,227584,227689
129,gene_1720,chr04,233631,233725
130,gene_1733,chr04,238580,238706
131,gene_1746,chr04,249485,249485
132,gene_1760,chr04,264375,264444
133,gene_1773,chr04,272521,273073
134,gene_1786,chr04,286597,287408
135,gene_1800,chr04,301905,303028
136,gene_1813,chr04,310566,310975
137,gene_1826,chr04,332103,332436
138,gene_1840,chr04,341331,341659
139,gene_1853,chr04,351862,352102
140,gene_1866,chr04,368154,368154
141,gene_1880,chr04,373875,374306
142,gene_1893,chr04,383064,383064
143,gene_1906,chr04,391606,392779
144,gene_1919,chr04,408397,408406
145,gene_1933,chr04,415202,415202
146,gene_1946,chr04,422716,424148
147,gene_1959,chr04,430673,431378
148,gene_1973,chr04,436458,437894
149,gene_1986,chr04,446133,446159
150,gene_1999,chr04,458046,461871
151,gene_2013,chr04,506026,506026
152,gene_2026,chr04,524369,524522
153,gene_2039,chr04,530068,530279
154,gene_2053,chr04,554607,554607
155,gene_2066,chr04,563958,565385
156,gene_2079,chr04,581414,581414
157,gene_2093,chr04,592659,592659
158,gene_2106,chr04,600970,602297
159,gene_2119,chr04,622128,622564
160,gene_2133,chr04,637915,638071
161,gene_2146,chr04,646924,647327
162,gene_2159,chr04,659305,660322
163,gene_2173,chr04,674164,674204
164,gene_2186,chr04,682794,682909
165,gene_2199,chr04,688504,689011
166,gene_2213,chr04,695631,695631
167,gene_2226,chr04,701209,701401
168,gene_2239,chr04,712241,712245
169,gene_2253,chr04,723650,725359
170,gene_2266,chr04,741026,741690
171,gene_2279,chr04,760460,764473
172,gene_2293,chr04,778280,778332
173,gene_2306,chr04,783750,784724
174,gene_2319,chr04,795082,795248
175,gene_2333,chr04,807602,807638
176,gene_2346,chr04,817265,817454
177,gene_2359,chr04,826430,826430
178,gene_2373,chr04,837492,837492
179,gene_2386,chr04,841827,842070
180,gene_2399,chr04,847251,848380
181,gene_2413,chr04,854374,854374
182,gene_2426,chr04,868666,868675
183,gene_2439,chr04,899278,899278
184,gene_2453,chr04,925456,925456
185,gene_2466,chr04,935852,935986
186,gene_2479,chr04,942714,951678
187,gene_2493,chr04,964213,964679
188,gene_2506,chr04,977809,984668
189,gene_2519,chr04,999015,999015
190,gene_2533,chr04,1010556,1010556
191,gene_2546,chr04,1042134,1042134
192,gene_2559,chr04,1062359,1062359
193,gene_2572,chr04,1082664,1082797
194,gene_2586,chr04,1155158,1155375
195,gene_2599,chr04,1158141,1158930
196,gene_2612,chr04,1188455,1195855
197,gene_2626,chr04,1250649,1250655
198,gene_2639,chr04,1270239,1270257
199,gene_2652,chr04,1276368,1276439
200,gene_2666,chr04,1285989,1286830
201,gene_2679,chr04,1297060,1297504
202,gene_2692,chr04,1304557,1304982
203,gene_2706,chr04,1311898,1312976
204,gene_2719,chr04,1322122,1322122
205,gene_2732,chr04,1327746,1327746
206,gene_2746,chr04,1336473,1336511
207,gene_2759,chr04,1343812,1343921
208,gene_2772,chr04,1349041,1349137
209,gene_2786,chr04,1373055,1373501
210,gene_2799,chr04,1414957,1414957
211,gene_2812,chr04,1426861,1426947
212,gene_2826,chr04,1439212,1440273
213,gene_2839,chr04,1451946,1452003
214,gene_2852,chr04,1458350,1458350
215,gene_2866,chr04,1466272,1466299
216,gene_2879,chr04,1472269,1472558
217,gene_2892,chr04,1478109,1478962
218,gene_2906,chr04,1490753,1491484
219,gene_2919,chr04,1497549,1497549
220,gene_2932,chr04,1499816,1499816
221,gene_2946,chr04,1504475,1504512
222,gene_2959,chr04,1512029,1512029
223,gene_2972,chr04,1522468,1522468
224,gene_2986,chr05,11465,11465
225,gene_2999,chr05,14556,14594
226,gene_3012,chr05,27167,27167
227,gene_3026,chr05,32140,32140
228,gene_3039,chr05,43095,43210
229,gene_3052,chr05,51970,52064
230,gene_3066,chr05,64378,64901
231,gene_3079,chr05,68942,69140
232,gene_3092,chr05,73137,73278
233,gene_3106,chr05,84415,84415
234,gene_3119,chr05,93365,94242
235,gene_3132,chr05,99061,99098
236,gene_3146,chr05,103159,103432
237,gene_3159,chr05,108541,108910
238,gene_3172,chr05,134506,137593
239,gene_3185,chr05,156488,161375
240,gene_3199,chr05,188971,188972
241,gene_3212,chr05,196469,196752
242,gene_3225,chr05,200871,203476
243,gene_3239,chr05,211163,211242
244,gene_3252,chr05,214556,217302
245,gene_3265,chr05,227433,227433
246,gene_3279,chr05,242557,242643
247,gene_3292,chr05,249442,250442
248,gene_3305,chr05,261917,263415
249,gene_3319,chr05,281083,281592
250,gene_3332,chr05,313092,313304
251,gene_3345,chr05,327497,328088
252,gene_3359,chr05,340265,340922
253,gene_3372,chr05,356744,356857
254,gene_3385,chr05,371530,371530
255,gene_3399,chr05,386836,388652
256,gene_3412,chr05,398968,399481
257,gene_3425,chr05,410946,411461
258,gene_3439,chr05,455987,456501
259,gene_3452,chr05,466488,466602
260,gene_3465,chr05,471417,471417
261,gene_3479,chr05,490970,490970
262,gene_3492,chr05,494872,494879
263,gene_3505,chr05,505121,505121
264,gene_3519,chr05,509579,509579
265,gene_3532,chr05,514935,515778
266,gene_3545,chr05,527265,527265
267,gene_3559,chr05,532993,533037
268,gene_3572,chr05,547936,547936
269,gene_3585,chr05,559046,560581
270,gene_3599,chr05,563403,563410
271,gene_3612,chr05,567529,567535
272,gene_3625,chr05,570446,570478
273,gene_3639,chr05,572138,572140
274,gene_3652,chr05,572697,572757
275,gene_3665,chr05,573787,573807
276,gene_3679,chr05,574714,575031
277,gene_3692,chr06,32957,32966
278,gene_3705,chr06,36396,36464
279,gene_3719,chr06,43132,43132
280,gene_3732,chr06,46782,46782
281,gene_3745,chr06,58175,58175
282,gene_3759,chr06,70364,70364
283,gene_3772,chr06,74889,75020
284,gene_3785,chr06,88583,92659
285,gene_3799,chr06,98168,98168
286,gene_3812,chr06,103831,103846
287,gene_3825,chr06,108288,108889
288,gene_3838,chr06,115889,115972
289,gene_3852,chr06,145365,145572
290,gene_3865,chr06,158319,158321
291,gene_3878,chr06,160966,160969
292,gene_3892,chr06,168724,169290
293,gene_3905,chr06,172924,173900
294,gene_3918,chr06,178942,178954
295,gene_3932,chr06,190287,190287
296,gene_3945,chr06,192588,192588
297,gene_3958,chr06,198657,198968
298,gene_3972,chr06,206307,206398
299,gene_3985,chr06,208286,208614
300,gene_3998,chr06,227212,227212
301,gene_4012,chr06,235921,237741
302,gene_4025,chr06,246095,246319
303,gene_4038,chr06,259349,259794
304,gene_4052,chr06,264051,264051
305,gene_4065,chr06,267072,267246
306,gene_4078,chr07,12252,12331
307,gene_4092,chr07,20835,20930
308,gene_4105,chr07,22425,22809
309,gene_4118,chr07,33923,33923
310,gene_4132,chr07,46665,46665
311,gene_4145,chr07,64670,66164
312,gene_4158,chr07,84460,84796
313,gene_4172,chr07,95375,96146
314,gene_4185,chr07,108210,108210
315,gene_4198,chr07,116417,116417
316,gene_4212,chr07,126893,126893
317,gene_4225,chr07,133830,134169
318,gene_4238,chr07,138798,138808
319,gene_4252,chr07,145111,145111
320,gene_4265,chr07,157048,157048
321,gene_4278,chr07,167471,167471
322,gene_4292,chr07,174081,175780
323,gene_4305,chr07,184516,187982
324,gene_4318,chr07,194500,194500
325,gene_4332,chr07,200502,203150
326,gene_4345,chr07,206298,209671
327,gene_4358,chr07,218254,218254
328,gene_4372,chr07,224113,224141
329,gene_4385,chr07,234540,234540
330,gene_4398,chr07,242393,242393
331,gene_4412,chr07,249897,249897
332,gene_4425,chr07,255051,255051
333,gene_4438,chr07,260938,261058
334,gene_4451,chr07,266935,267809
335,gene_4465,chr07,274761,274767
336,gene_4478,chr07,291030,292803
337,gene_4491,chr07,307942,307962
338,gene_4505,chr07,324313,324851
339,gene_4518,chr07,354898,355192
340,gene_4531,chr07,365943,367243
341,gene_4545,chr07,388902,389725
342,gene_4558,chr07,394654,395013
343,gene_4571,chr07,400426,400469
344,gene_4585,chr07,415556,415604
345,gene_4598,chr07,432867,432952
346,gene_4611,chr07,453025,453025
347,gene_4625,chr07,465104,465338
348,gene_4638,chr07,474640,474640
349,gene_4651,chr07,526404,527883
350,gene_4665,chr07,558836,559003
351,gene_4678,chr07,587332,587332
352,gene_4691,chr07,610077,610077
353,gene_4705,chr07,626672,626672
354,gene_4718,chr07,650300,650372
355,gene_4731,chr07,661672,661673
356,gene_4745,chr07,691409,698826
357,gene_4758,chr07,740400,740400
358,gene_4771,chr07,773433,773470
359,gene_4785,chr07,776249,777801
360,gene_4798,chr07,780441,780578
361,gene_4811,chr07,782907,782907
362,gene_4825,chr07,793062,793422
363,gene_4838,chr07,800720,800927
364,gene_4851,chr07,805403,805403
365,gene_4865,chr07,812804,812845
366,gene_4878,chr07,840000,840000
367,gene_4891,chr07,853313,854090
368,gene_4905,chr07,860319,860319
369,gene_4918,chr07,863290,863495
370,gene_4931,chr07,875414,876127
371,gene_4945,chr07,881430,881430
372,gene_4958,chr07,884222,884273
373,gene_4971,chr07,895068,895083
374,gene_4985,chr07,903981,903981
375,gene_4998,chr07,916054,916111
376,gene_5011,chr07,928884,932118
377,gene_5025,chr07,936470,936470
378,gene_5038,chr07,945223,945223
379,gene_5051,chr07,951370,951370
380,gene_5065,chr07,959637,959639
381,gene_5078,chr07,970333,970333
382,gene_5091,chr07,985608,985740
383,gene_5104,chr07,996643,999271
384,gene_5118,chr07,1007846,1007969
385,gene_5131,chr07,1012553,1012699
386,gene_5144,chr07,1017913,1017913
387,gene_5158,chr07,1029719,1032044
388,gene_5171,chr07,1043492,1043503
389,gene_5184,chr07,1051752,1051752
390,gene_5198,chr07,1063663,1063663
391,gene_5211,chr07,1069229,1069336
392,gene_5224,chr08,12769,12769
393,gene_5238,chr08,18930,19093
394,gene_5251,chr08,31327,31327
395,gene_5264,chr08,48231,48231
396,gene_5278,chr08,69754,69754
397,gene_5291,chr08,74810,74840
398,gene_5304,chr08,85199,85222
399,gene_5318,chr08,103598,104532
400,gene_5331,chr08,120905,120965
401,gene_5344,chr08,142822,142858
402,gene_5358,chr08,146742,146742
403,gene_5371,chr08,160981,161500
404,gene_5384,chr08,171709,171709
405,gene_5398,chr08,182405,182655
406,gene_5411,chr08,187440,187440
407,gene_5424,chr08,194373,194407
408,gene_5438,chr08,218767,218768
409,gene_5451,chr08,232420,232420
410,gene_5464,chr08,280127,280127
411,gene_5478,chr08,316816,316964
412,gene_5491,chr08,340300,340300
413,gene_5504,chr08,344520,344654
414,gene_5518,chr08,352727,353167
415,gene_5531,chr08,358814,359550
416,gene_5544,chr08,361649,361706
417,gene_5558,chr08,367949,367949
418,gene_5571,chr08,378050,378356
419,gene_5584,chr08,395106,395106
420,gene_5598,chr08,403639,404008
421,gene_5611,chr08,410390,410650
422,gene_5624,chr08,421256,421260
423,gene_5638,chr08,427087,428520
424,gene_5651,chr08,433981,433981
425,gene_5664,chr08,444776,444920
426,gene_5678,chr08,453462,454173
427,gene_5691,chr08,458278,458765
428,gene_5704,chr08,465480,465556
429,gene_5717,chr08,467524,467709
430,gene_5731,chr08,485707,485882
431,gene_5744,chr08,498929,499135
432,gene_5757,chr08,519149,519153
433,gene_5771,chr09,35166,35173
434,gene_5784,chr09,48685,48752
435,gene_5797,chr09,53159,53171
436,gene_5811,chr09,64128,66195
437,gene_5824,chr09,74692,75004
438,gene_5837,chr09,87663,87724
439,gene_5851,chr09,94529,95144
440,gene_5864,chr09,100554,100710
441,gene_5877,chr09,102585,102587
442,gene_5891,chr09,127775,127799
443,gene_5904,chr09,138653,139016
444,gene_5917,chr09,142880,142880
445,gene_5931,chr09,152076,152080
446,gene_5944,chr09,161114,161114
447,gene_5957,chr09,172431,174012
448,gene_5971,chr09,178538,178554
449,gene_5984,chr09,190691,190691
450,gene_5997,chr09,196596,196646
451,gene_6011,chr09,202128,202792
452,gene_6024,chr09,214007,216956
453,gene_6037,chr09,225766,225766
454,gene_6051,chr09,233947,233947
455,gene_6064,chr09,244343,246361
456,gene_6077,chr09,254677,254677
457,gene_6091,chr09,269946,270003
458,gene_6104,chr09,273612,273653
459,gene_6117,chr09,280521,280773
460,gene_6131,chr09,293652,293652
461,gene_6144,chr09,312294,312357
462,gene_6157,chr09,334346,334878
463,gene_6171,chr09,362956,362956
464,gene_6184,chr09,371623,372134
465,gene_6197,chr09,379616,379616
466,gene_6211,chr09,388189,388311
467,gene_6224,chr09,391685,391685
468,gene_6237,chr09,396158,396264
469,gene_6251,chr09,399100,399100
470,gene_6264,chr09,406428,407946
471,gene_6277,chr09,415254,415471
472,gene_6291,chr09,422400,422718
473,gene_6304,chr09,427282,427282
474,gene_6317,chr09,429902,429937
475,gene_6331,chr09,432714,432747
476,gene_6344,chr10,37996,37997
477,gene_6357,chr10,52246,52246
478,gene_6370,chr10,59009,59269
479,gene_6384,chr10,67942,68549
480,gene_6397,chr10,76781,77240
481,gene_6410,chr10,80789,80873
482,gene_6424,chr10,94831,95287
483,gene_6437,chr10,110717,111648
484,gene_6450,chr10,117296,117296
485,gene_6464,chr10,127447,127919
486,gene_6477,chr10,136749,136774
487,gene_6490,chr10,142383,142876
488,gene_6504,chr10,155586,155586
489,gene_6517,chr10,161731,161731
490,gene_6530,chr10,181352,185779
491,gene_6544,chr10,197555,199406
492,gene_6557,chr10,220778,220778
493,gene_6570,chr10,230933,231982
494,gene_6584,chr10,236694,237191
495,gene_6597,chr10,240866,241442
496,gene_6610,chr10,257779,258319
497,gene_6624,chr10,279883,280214
498,gene_6637,chr10,290156,290225
499,gene_6650,chr10,294786,294841
500,gene_6664,chr10,300108,300171
501,gene_6677,chr10,306968,306974
502,gene_6690,chr10,317977,317977
503,gene_6704,chr10,328217,328217
504,gene_6717,chr10,333068,333068
505,gene_6730,chr10,342872,343779
506,gene_6744,chr10,351020,351140
507,gene_6757,chr10,360258,360990
508,gene_6770,chr10,392353,392353
509,gene_6784,chr10,396988,396988
510,gene_6797,chr10,406039,406101
511,gene_6810,chr10,436461,436461
512,gene_6824,chr10,457830,457830
513,gene_6837,chr10,463523,463525
514,gene_6850,chr10,469255,469255
515,gene_6864,chr10,488122,488559
516,gene_6877,chr10,505557,510673
517,gene_6890,chr10,522504,523143
518,gene_6904,chr10,532610,532614
519,gene_6917,chr10,550213,550406
520,gene_6930,chr10,557892,558195
521,gene_6944,chr10,566234,566327
522,gene_6957,chr10,572121,572148
523,gene_6970,chr10,577423,577714
524,gene_6983,chr10,586731,586731
525,gene_6997,chr10,599346,599346
526,gene_7010,chr10,617119,617119
527,gene_7023,chr10,623799,623799
528,gene_7037,chr10,628930,628940
529,gene_7050,chr10,637983,638110
530,gene_7063,chr10,643500,643500
531,gene_7077,chr10,663391,663391
532,gene_7090,chr10,685236,685260
533,gene_7103,chr10,717848,717848
534,gene_7117,chr11,5296,5296
535,gene_7130,chr11,12418,12418
536,gene_7143,chr11,20002,20002
537,gene_7157,chr11,30633,31275
538,gene_7170,chr11,38019,38097
539,gene_7183,chr11,43305,43432
540,gene_7197,chr11,54270,54270
541,gene_7210,chr11,70774,70774
542,gene_7223,chr11,78217,78673
543,gene_7237,chr11,83035,83206
544,gene_7250,chr11,88432,89207
545,gene_7263,chr11,93531,93531
546,gene_7277,chr11,111908,114770
547,gene_7290,chr11,136530,136836
548,gene_7303,chr11,156761,160334
549,gene_7317,chr11,171187,173424
550,gene_7330,chr11,193143,193633
551,gene_7343,chr11,200692,200811
552,gene_7357,chr11,213759,217386
553,gene_7370,chr11,221586,221785
554,gene_7383,chr11,231494,231494
555,gene_7397,chr11,261827,261827
556,gene_7410,chr11,277552,277576
557,gene_7423,chr11,279844,279858
558,gene_7437,chr11,287864,287864
559,gene_7450,chr11,296692,296692
560,gene_7463,chr11,305923,305923
561,gene_7477,chr11,309086,309280
562,gene_7490,chr11,312310,312310
563,gene_7503,chr11,315552,315552
564,gene_7517,chr11,322286,322301
565,gene_7530,chr11,327704,327839
566,gene_7543,chr11,334666,334802
567,gene_7557,chr11,341454,341454
568,gene_7570,chr11,350193,350564
569,gene_7583,chr11,356442,356757
570,gene_7597,chr11,362407,362407
571,gene_7610,chr11,367197,367197
572,gene_7623,chr11,372169,372528
573,gene_7636,chr11,379902,379902
574,gene_7650,chr11,388284,388638
575,gene_7663,chr11,402236,402236
576,gene_7676,chr11,411729,411856
577,gene_7690,chr11,432244,432349
578,gene_7703,chr11,439195,440270
579,gene_7716,chr11,448849,450241
580,gene_7730,chr11,469099,469365
581,gene_7743,chr11,479944,479980
582,gene_7756,chr11,487498,488032
583,gene_7770,chr11,509721,513035
584,gene_7783,chr11,522803,523738
585,gene_7796,chr11,531502,531502
586,gene_7810,chr11,538144,540860
587,gene_7823,chr11,552592,552672
588,gene_7836,chr11,560177,560177
589,gene_7850,chr11,567298,567388
590,gene_7863,chr11,572410,572410
591,gene_7876,chr11,576347,576629
592,gene_7890,chr11,583424,583424
593,gene_7903,chr11,592863,593088
594,gene_7916,chr11,612849,613716
595,gene_7930,chr11,619919,620703
596,gene_7943,chr11,635264,638113
597,gene_7956,chr12,19849,20165
598,gene_7970,chr12,22822,22904
599,gene_7983,chr12,29960,30339
600,gene_7996,chr12,40564,41059
601,gene_8010,chr12,51969,51973
602,gene_8023,chr12,62371,63694
603,gene_8036,chr12,74896,74896
604,gene_8050,chr12,82210,84405
605,gene_8063,chr12,88779,89940
606,gene_8076,chr12,99502,99752
607,gene_8090,chr12,123816,124302
608,gene_8103,chr12,130957,131247
609,gene_8116,chr12,143856,143856
610,gene_8130,chr12,186377,186377
611,gene_8143,chr12,203750,203798
612,gene_8156,chr12,234487,236580
613,gene_8170,chr12,248276,248402
614,gene_8183,chr12,253754,253754
615,gene_8196,chr12,258623,260358
616,gene_8210,chr12,269923,269923
617,gene_8223,chr12,276749,276749
618,gene_8236,chr12,281075,281075
619,gene_8249,chr12,288300,288712
620,gene_8263,chr12,299023,299023
621,gene_8276,chr12,306221,310210
622,gene_8289,chr12,319939,320777
623,gene_8303,chr12,327356,327362
624,gene_8316,chr12,333868,334424
625,gene_8329,chr12,340505,340526
626,gene_8343,chr12,357826,365558
627,gene_8356,chr12,401486,401486
628,gene_8369,chr12,407719,408772
629,gene_8383,chr12,430460,434372
630,gene_8396,chr12,494101,495132
631,gene_8409,chr12,507497,507497
632,gene_8423,chr12,515071,515071
633,gene_8436,chr12,524384,524384
634,gene_8449,chr12,536170,536179
635,gene_8463,chr12,538912,538912
636,gene_8476,chr12,553069,553069
637,gene_8489,chr12,563695,564246
638,gene_8503,chr12,572422,572665
639,gene_8516,chr12,582969,582978
640,gene_8529,chr12,589686,589694
641,gene_8543,chr12,604748,604748
642,gene_8556,chr12,618240,625298
643,gene_8569,chr12,643703,643835
644,gene_8583,chr12,665894,665964
645,gene_8596,chr12,689015,689950
646,gene_8609,chr12,702805,702985
647,gene_8623,chr12,713914,720520
648,gene_8636,chr12,732636,732677
649,gene_8649,chr12,746340,746351
650,gene_8663,chr12,751352,751352
651,gene_8676,chr12,761332,761412
652,gene_8689,chr12,766572,766572
653,gene_8703,chr12,774189,774189
654,gene_8716,chr12,780827,780899
655,gene_8729,chr12,785928,785928
656,gene_8743,chr12,793851,794003
657,gene_8756,chr12,798711,799191
658,gene_8769,chr12,806425,807443
659,gene_8783,chr12,811548,812633
660,gene_8796,chr12,816771,816884
661,gene_8809,chr12,820209,820229
662,gene_8823,chr12,824743,824743
663,gene_8836,chr12,831049,831049
664,gene_8849,chr12,836814,836875
665,gene_8863,chr12,844194,846860
666,gene_8876,chr12,859778,860674
667,gene_8889,chr12,869423,869423
668,gene_8902,chr12,878145,878273
669,gene_8916,chr12,886585,886687
670,gene_8929,chr12,898170,898170
671,gene_8942,chr12,912943,913285
672,gene_8956,chr12,927282,927413
673,gene_8969,chr12,939187,939270
674,gene_8982,chr12,952661,952973
675,gene_8996,chr12,967669,973868
676,gene_9009,chr12,997539,998027
677,gene_9022,chr12,1012605,1012744
678,gene_9036,chr12,1023633,1024145
679,gene_9049,chr12,1034305,1034305
680,gene_9062,chr12,1053294,1053306
681,gene_9076,chr12,1063506,1063535
682,gene_9089,chr13,23576,23831
683,gene_9102,chr13,26443,26443
684,gene_9116,chr13,38180,38180
685,gene_9129,chr13,53797,53802
686,gene_9142,chr13,67995,67995
687,gene_9156,chr13,75430,75430
688,gene_9169,chr13,78014,78014
689,gene_9182,chr13,83165,83213
690,gene_9196,chr13,90849,90849
691,gene_9209,chr13,101898,102596
692,gene_9222,chr13,115526,117706
693,gene_9236,chr13,125946,127501
694,gene_9249,chr13,132002,132111
695,gene_9262,chr13,139010,139010
696,gene_9276,chr13,148039,150608
697,gene_9289,chr13,159809,161488
698,gene_9302,chr13,169859,169859
699,gene_9316,chr13,192246,192459
700,gene_9329,chr13,210675,212735
701,gene_9342,chr13,217652,217702
702,gene_9356,chr13,226265,226277
703,gene_9369,chr13,234629,234629
704,gene_9382,chr13,242392,242392
705,gene_9396,chr13,262210,263117
706,gene_9409,chr13,285399,285399
707,gene_9422,chr13,295229,295229
708,gene_9436,chr13,304107,304107
709,gene_9449,chr13,309183,309245
710,gene_9462,chr13,315013,318305
711,gene_9476,chr13,324305,325358
712,gene_9489,chr13,334399,334792
713,gene_9502,chr13,337578,337578
714,gene_9515,chr13,343439,343439
715,gene_9529,chr13,350270,350418
716,gene_9542,chr13,363151,363151
717,gene_9555,chr13,369280,369683
718,gene_9569,chr13,382490,382490
719,gene_9582,chr13,390353,390371
720,gene_9595,chr13,396779,396890
721,gene_9609,chr13,402800,402800
722,gene_9622,chr13,407854,408257
723,gene_9635,chr13,417363,417435
724,gene_9649,chr13,422287,422287
725,gene_9662,chr13,431429,431438
726,gene_9675,chr13,437355,437355
727,gene_9689,chr13,443467,444889
728,gene_9702,chr13,458642,458822
729,gene_9715,chr13,463688,463738
730,gene_9729,chr13,469900,470062
731,gene_9742,chr13,479244,480203
732,gene_9755,chr13,495336,495345
733,gene_9769,chr13,502521,502661
734,gene_9782,chr13,505365,505432
735,gene_9795,chr13,512449,513163
736,gene_9809,chr13,523461,523461
737,gene_9822,chr13,531288,531295
738,gene_9835,chr13,541077,541077
739,gene_9849,chr13,555183,555524
740,gene_9862,chr13,563635,566935
741,gene_9875,chr13,580137,580911
742,gene_9889,chr13,594230,598300
743,gene_9902,chr13,613350,613350
744,gene_9915,chr13,625092,625575
745,gene_9929,chr13,631482,631482
746,gene_9942,chr13,642743,644463
747,gene_9955,chr13,661580,661580
748,gene_9969,chr13,669029,669187
749,gene_9982,chr13,676506,676506
750,gene_9995,chr13,689884,689920
751,gene_10009,chr13,702531,703510
752,gene_10022,chr13,709507,710916
753,gene_10035,chr13,715947,715947
754,gene_10049,chr13,727266,728612
755,gene_10062,chr13,743080,743203
756,gene_10075,chr13,755460,756808
757,gene_10089,chr13,779569,779569
758,gene_10102,chr13,798496,799153
759,gene_10115,chr13,815315,816077
760,gene_10129,chr13,823009,823390
761,gene_10142,chr13,832672,832765
762,gene_10155,chr13,841046,842189
763,gene_10168,chr13,850600,852572
764,gene_10182,chr13,860691,860706
765,gene_10195,chr13,870144,870144
766,gene_10208,chr13,911176,911851
767,gene_10222,chr14,17659,17663
768,gene_10235,chr14,28205,28352
769,gene_10248,chr14,34125,34313
770,gene_10262,chr14,42961,43010
771,gene_10275,chr14,47690,47939
772,gene_10288,chr14,52852,53178
773,gene_10302,chr14,77228,77228
774,gene_10315,chr14,90963,90963
775,gene_10328,chr14,104807,104906
776,gene_10342,chr14,108789,109386
777,gene_10355,chr14,113713,113713
778,gene_10368,chr14,120598,120914
779,gene_10382,chr14,132990,134590
780,gene_10395,chr14,140866,140882
781,gene_10408,chr14,159579,159579
782,gene_10422,chr14,173234,173234
783,gene_10435,chr14,184751,185411
784,gene_10448,chr14,192915,193101
785,gene_10462,chr14,199674,200065
786,gene_10475,chr14,216237,216237
787,gene_10488,chr14,243965,243965
788,gene_10502,chr14,293546,293546
789,gene_10515,chr14,300927,301765
790,gene_10528,chr14,324085,324726
791,gene_10542,chr14,335828,335882
792,gene_10555,chr14,346154,346607
793,gene_10568,chr14,353435,353435
794,gene_10582,chr14,357422,357422
795,gene_10595,chr14,361130,361825
796,gene_10608,chr14,376813,381426
797,gene_10622,chr14,395702,396235
798,gene_10635,chr14,412921,413074
799,gene_10648,chr14,422345,422345
800,gene_10662,chr14,427800,428439
801,gene_10675,chr14,441876,441939
802,gene_10688,chr14,453421,456511
803,gene_10702,chr14,480642,480924
804,gene_10715,chr14,495985,495985
805,gene_10728,chr14,500876,500918
806,gene_10742,chr14,512135,513188
807,gene_10755,chr14,525629,526128
808,gene_10768,chr14,535016,535016
809,gene_10781,chr14,544242,544327
810,gene_10795,chr14,553743,554038
811,gene_10808,chr14,562258,562293
812,gene_10821,chr14,578419,578433
813,gene_10835,chr14,586874,586932
814,gene_10848,chr14,593483,594480
815,gene_10861,chr14,607366,607472
816,gene_10875,chr14,616746,616746
817,gene_10888,chr14,628787,628790
818,gene_10901,chr14,637651,637651
819,gene_10915,chr14,648132,649337
820,gene_10928,chr14,659339,659945
821,gene_10941,chr14,680048,680048
822,gene_10955,chr14,694085,694085
823,gene_10968,chr14,703357,703444
824,gene_10981,chr14,710777,710899
825,gene_10995,chr14,725119,725119
826,gene_11008,chr14,748652,748657
827,gene_11021,chr15,24626,24626
828,gene_11035,chr15,32081,32147
829,gene_11048,chr15,40039,40089
830,gene_11061,chr15,43486,43525
831,gene_11075,chr15,44329,44701
832,gene_11088,chr15,51301,51451
833,gene_11101,chr15,55740,55740
834,gene_11115,chr15,61928,61946
835,gene_11128,chr15,67957,68014
836,gene_11141,chr15,76185,76185
837,gene_11155,chr15,79811,80196
838,gene_11168,chr15,92084,92657
839,gene_11181,chr15,97174,97832
840,gene_11195,chr15,107871,107885
841,gene_11208,chr15,113259,114719
842,gene_11221,chr15,131412,131466
843,gene_11235,chr15,138410,138410
844,gene_11248,chr15,142865,142954
845,gene_11261,chr15,144877,145250
846,gene_11275,chr15,148941,148956
847,gene_11288,chr15,155320,155320
848,gene_11301,chr15,159127,159288
849,gene_11315,chr15,170477,171567
850,gene_11328,chr15,178566,178575
851,gene_11341,chr15,189515,189984
852,gene_11355,chr15,202206,202415
853,gene_11368,chr15,208842,208842
854,gene_11381,chr15,216464,216568
855,gene_11395,chr15,223766,226324
856,gene_11408,chr15,239642,240616
857,gene_11421,chr15,250216,250216
858,gene_11434,chr15,259426,259426
859,gene_11448,chr15,271060,271060
860,gene_11461,chr15,279673,279673
861,gene_11474,chr15,286905,287079
862,gene_11488,chr15,291934,291934
863,gene_11501,chr15,300104,300116
864,gene_11514,chr15,315983,315983
865,gene_11528,chr15,341588,344404
866,gene_11541,chr15,349140,349403
867,gene_11554,chr15,373056,373067
868,gene_11568,chr15,378105,378105
869,gene_11581,chr15,384648,385029
870,gene_11594,chr15,390419,390439
871,gene_11608,chr15,408894,409166
872,gene_11621,chr15,417439,417439
873,gene_11634,chr15,421840,421840
874,gene_11648,chr15,425142,425849
875,gene_11661,chr15,433569,433569
876,gene_11674,chr15,443437,443437
877,gene_11688,chr15,450006,450006
878,gene_11701,chr15,453467,455965
879,gene_11714,chr15,463611,463708
880,gene_11728,chr15,470677,470860
881,gene_11741,chr15,477401,479397
882,gene_11754,chr15,487296,487296
883,gene_11768,chr15,491049,491369
884,gene_11781,chr15,496315,496472
885,gene_11794,chr15,506495,507019
886,gene_11808,chr15,514337,514337
887,gene_11821,chr15,516883,517103
888,gene_11834,chr15,518193,518193
889,gene_11848,chr15,523078,523650
890,gene_11861,chr15,546142,546298
891,gene_11874,chr15,561337,561337
892,gene_11888,chr15,605752,606560
893,gene_11901,chr15,634171,634516
894,gene_11914,chr15,657022,657022
895,gene_11928,chr15,671951,672422
896,gene_11941,chr15,682463,683112
897,gene_11954,chr15,692864,693906
898,gene_11968,chr15,722824,723034
899,gene_11981,chr15,737796,738104
900,gene_11994,chr15,746481,746499
901,gene_12008,chr15,755943,756951
902,gene_12021,chr15,768604,768604
903,gene_12034,chr15,793524,796393
904,gene_12047,chr15,814200,814200
905,gene_12061,chr15,830861,831003
906,gene_12074,chr15,845652,845858
907,gene_12087,chr15,853215,853339
908,gene_12101,chr15,878635,878635
909,gene_12114,chr15,891999,892063
910,gene_12127,chr15,901354,901354
911,gene_12141,chr15,920416,920416
912,gene_12154,chr15,946463,946463
913,gene_12167,chr15,968262,968360
914,gene_12181,chr15,979707,979707
915,gene_12194,chr15,994966,998984
916,gene_12207,chr15,1023548,1023548
917,gene_12221,chr15,1054104,1054976
918,gene_12234,chr16,26469,26469
919,gene_12247,chr16,29388,29423
920,gene_12261,chr16,35436,35444
921,gene_12274,chr16,38552,38552
922,gene_12287,chr16,44730,44730
923,gene_12301,chr16,49689,49689
924,gene_12314,chr16,65336,65346
925,gene_12327,chr16,73106,73241
926,gene_12341,chr16,77861,77941
927,gene_12354,chr16,83332,83346
928,gene_12367,chr16,89751,89751
929,gene_12381,chr16,100195,100346
930,gene_12394,chr16,107670,107919
931,gene_12407,chr16,119500,120454
932,gene_12421,chr16,134030,134204
933,gene_12434,chr16,145191,145191
934,gene_12447,chr16,166563,166594
935,gene_12461,chr16,200991,201216
936,gene_12474,chr16,218490,218614
937,gene_12487,chr16,230088,230208
938,gene_12501,chr16,246216,246216
939,gene_12514,chr16,264019,264019
940,gene_12527,chr16,283090,283406
941,gene_12541,chr16,302876,302876
942,gene_12554,chr16,316618,318016
943,gene_12567,chr16,327237,327790
944,gene_12581,chr16,336853,336909
945,gene_12594,chr16,349948,350258
946,gene_12607,chr16,362452,362521
947,gene_12621,chr16,372860,373025
948,gene_12634,chr16,382962,383491
949,gene_12647,chr16,396536,396536
950,gene_12661,chr16,421812,421812
951,gene_12674,chr16,430699,430699
952,gene_12687,chr16,445267,445268
953,gene_12700,chr16,454922,454922
954,gene_12714,chr16,462488,462488
955,gene_12727,chr16,473384,476081
956,gene_12740,chr16,498173,498574
957,gene_12754,chr16,515834,515834
958,gene_12767,chr16,519524,519558
959,gene_12780,chr16,531293,532000
960,gene_12794,chr16,541949,541949
961,gene_12807,chr16,545731,545731
962,gene_12820,chr16,549302,549302
963,gene_12834,chr16,556239,557566
964,gene_12847,chr16,566817,567324
965,gene_12860,chr16,574544,575362
966,gene_12874,chr16,581263,581263
967,gene_12887,chr16,583412,583498
968,gene_12900,chr16,620256,620256
969,gene_12914,chr16,634597,636741
970,gene_12927,chr16,649331,649546
971,gene_12940,chr16,655520,655695
972,gene_12954,chr16,663002,663002
973,gene_12967,chr16,670791,673182
974,gene_12980,chr16,679993,679993
975,gene_12994,chr16,685928,685928
976,gene_13007,chr16,692211,692211
977,gene_13020,chr16,697755,698079
978,gene_13034,chr16,721063,721075
979,gene_13047,chr16,741122,741122
980,gene_13060,chr16,750183,750729
981,gene_13074,chr16,794438,795494
982,gene_13087,chr16,827327,827327
983,gene_13100,chr16,831116,831116
984,gene_13114,chr16,835103,835173
985,gene_13127,chr16,843254,843562
986,gene_13140,chr16,862568,862568
987,gene_13154,chr16,874951,875063
988,gene_13167,chr16,882639,882720
989,gene_13180,chr16,884754,884771
990,gene_13194,chr16,889317,889317
991,gene_13207,chr16,896161,896335
992,gene_13220,chr16,902912,903089
993,gene_13234,chr16,914257,914584
994,gene_13247,chr16,922432,922432
995,gene_13260,chr16,928119,928130
996,gene_13274,chr16,931402,931594
997,gene_13287,chr16,934388,934624
998,gene_13300,chr16,939647,939679
999,gene_13314,chr16,944640,944667
