MYC	SRM	GBE1	FUK	UGP2	PRDX6	ATP6V1A	BCAT1	GLUD1	ATP6V1B2	GGPS1	POLD1	CAD	ALOX5	ASNS	PYCRL	PLCG2	GANAB	SEPHS1	GLUD2
DOHH2	-0.495015420354997	0.209073269080176	-0.436672592527608	100	100	-0.208583397687973	-0.051411159074013	0.197500367508285	-1.5885106915337	0.606413754577853	1.01573319299705	0.431620683259986	1.08676591663457	0.235468597022082	-0.338654742263505	0.377148909214193	-0.541951477315855	0.119991126167238	-0.792205528877533	-0.753163557274217
FARAGE	-0.491362961203194	-0.355908735553657	0.532207604825338	0.103753837176337	-0.649489567243688	0.853678405494964	0.582782851901772	1.11646669663576	1.35006149550716	0.0502702553241098	-0.73758304384985	-1.62939408148475	0.160080505116071	0.248119321209429	-0.0736319412983913	-0.586917804687044	0.232701205437313	-0.470425010370421	-1.03168733355236	-0.139833781439026
HT	-0.45599352741463	-0.238524931788181	0.671424065548774	-1.01363576783182	-0.965129115758228	-0.480403712904249	-0.923247433107139	-1.12461741346494	-0.319749849281579	0.580137991993379	-0.125961100763722	-0.457666712030137	-0.25164939991811	-1.36305893794564	-0.929328847976163	0.298542768718571	-0.101672143680061	-0.197599962606282	0.881219984636222	-0.493418709176364
Kapas231	1.61526661017367	0.926662967169126	1.0168146869194	-0.9978957917766	1.00648445861312	1.12171767476591	2.622679903753	-0.139735698426228	1.08274703568008	0.60947941791144	-1.72310629488882	-0.0660132899117516	-1.58086684638127	1.89248879874686	0.786432849727478	-0.346330694337985	1.04238914857589	1.0626368164231	-1.52577235543844	2.02482100777137
OCI-LY1	0.494273293842469	2.40062582338562	-1.42551658513927	1.06760665154782	0.986217833782959	1.03953986886626	-1.83151711653646	-2.25151759199947	-0.901666446532627	-1.76021210548383	1.22516556883472	3.02964025869661	0.583410199285417	1.7020374158648	1.89952861378096	3.81404143500312	1.97579225338701	1.43768932967717	1.02588495620044	-2.13748567359953
OCI-LY1-B50	0.194077717708213	-0.0494138717438003	-0.481095482667825	0.242318908805947	0.704696996101192	-0.928752763451141	1.41598114718034	-2.26352709183343	0.520626358364195	-1.13474109004123	1.11814661735217	-0.150894029811045	-0.312790192307687	1.22334511379953	0.270387168019466	0.824083171624459	0.775177053741939	0.311966154017729	-1.05715446379971	0.0947976144946705
OCI-LY7	-0.176661429552505	-0.27997670262599	-0.819456897316982	-0.231011073748181	-0.376558313164337	-0.596887594210331	0.262810881695072	0.198560163119207	-0.484932197593043	-0.267678772449059	-0.00482779674841732	-0.176920569486405	0.283306920609864	0.22480022710802	-0.356557395513631	0.435097166784525	-0.395861637135844	-0.502773996683456	0.810022253225416	-0.465029589338621
OCI-LY8	-0.39224793486877	0.113555397458268	0.899215952447972	-0.747636058338871	0.11396036502386	0.124923298816908	0.134894290035823	0.439985504375479	0.558085616695843	0.321609846118121	0.300605998004038	0.108580338977536	0.665883675521218	0.400492982425475	-1.1732723525289	0.732686519504534	-0.393783589644855	-0.536487691827905	0.903299062546404	0.350362086704329
OCI-LY19	2.17676468205438	0.29559105960473	3.76792745393959	-0.825126243545195	0.393131048393806	1.44443455723167	-1.36475434683044	1.55889560422128	0.946539980013764	-0.268095097099299	-1.68030665485982	0.802363453085515	-1.14720093186381	-0.388553400741494	2.13944458861012	-1.19592956911395	0.451659176592423	1.91486156825027	0.491188696443144	1.75060082823977
OZ	0.495307949506631	-0.00377372780722362	0.445047561903446	-0.576757723526422	0.542591646334132	0.339640598195382	-1.73779068825963	0.744536953524058	-0.247844763053379	-1.29604796816155	0.427436656698529	-0.062892168701921	0.560939165180591	0.243820916360189	-1.11593394345023	0.218063904256824	0.239797582540873	-0.305169544903387	0.581644830612611	0.249658703367808
RC-K8	-0.199108055648114	-0.755630441836095	0.298701174301896	1.05725996388311	-0.463348129456133	-0.837804775370974	-0.61367948320572	-0.482842902008979	-1.10143370414534	-0.251763816501242	-0.357388838916857	-0.94882629327074	-0.897503802639205	-1.49855300450516	0.454110594339203	0.0743178600322993	-0.926669403856733	-0.0660851273264202	-2.57676564336121	-0.5750920231711
RI1	-0.798003320209403	-1.02134608035795	-1.00509474813086	-0.692919428332303	-0.653461788845234	-0.718950823801598	0.155354240747699	-1.05663445084037	-1.37833550880285	-0.982243263043044	-0.495574504149656	0.0912121162671866	-2.03202920437347	0.314630611001927	-1.25692017408351	-1.01154348418126	-0.603573339332254	-0.956844946945859	0.116460381485903	-0.743648522603325
SC1	-0.0591636053937624	0.35162558638825	-0.0224211903787662	-0.907063335979873	-1.19255953910246	0.0135668846952274	0.451101732449287	0.223631156221765	-1.77777730309181	0.756877267944187	0.629682822104614	1.13945314187723	-0.375126252468796	0.67598736363146	0.469222339668207	-0.283526868958577	0.595304984797956	1.01359708196798	-1.93695546511258	-0.613776098554399
SU4	2.31592379126244	2.53524429034603	-1.46608560402269	-0.945719366526041	2.87513362525251	1.78969938442021	-0.826504225708329	1.6580287556307	2.7759704169261	2.4847381095272	-2.59260003943172	0.997351846464382	1.71314314643096	1.1744668652679	0.836703227770133	-0.0590702830806206	1.62909949436782	0.788069969229391	0.0439333663830008	2.65877189153266
SU5	-0.396461351910782	0.606799210113201	-0.887872388981618	-0.968714415189278	1.50330708013185	0.165315935988996	0.993322656860159	0.542102988210742	-0.495131500604134	0.547721440817863	0.330422815872113	0.370668539302724	0.626621975101994	0.300863160573963	0.160339172755699	-0.270244043301943	0.838721885078359	0.886616312213536	1.25183076230331	0.18832572578429
SU6	0.264741790899979	0.558764147877329	-0.648948274242986	-0.472392481782591	0.357159862985833	-0.289359449968868	0.624669669710772	0.239885690131619	0.217475256593592	-1.36727733104809	1.0523590445061	0.871053914091943	2.5136424317833	0.633403089917511	1.78201550708589	-0.427118461721979	0.964211141026794	1.22166130867302	-0.308521341343263	1.1024865813946
SU7	-0.398422626904697	-0.321701865963718	0.769583809788201	-0.159900829633322	1.54807060755345	-0.0942298129998716	1.22088320507397	-0.384359931955959	0.826744530101661	0.718509166655011	0.420885691387967	-0.0502959081718905	-1.10578774945583	0.544920706929438	-0.89690439741288	0.824459647060949	0.119884937620496	-0.580966425714881	0.765312930996134	0.118507209084434
SU8	0.361787505906077	-0.3918051707931	0.844318166016935	-0.87742038560152	-0.071038252627751	-0.126175040206289	-0.618759017282897	0.464653385037073	-0.35085772346541	0.97952579850784	0.613007637677729	-0.00260208075886551	0.438725881416955	-1.5000462260772	-0.0105528842193662	-0.933999197480865	-0.881095030972247	0.434314096423425	1.69188850749406	0.297265073557254
SU10	1.04146901714467	0.848013412792257	0.74068242589268	0.398804815208131	0.84047140128445	0.624805238979696	0.983112019831926	1.24779032700025	-0.146083535283617	0.867118142943003	0.524271834834658	1.54289460030051	1.01141851301762	0.511650194376139	1.56210103902477	-0.567003219418412	1.21560526242186	0.689487712854946	-0.749185369583817	0.699579457543552
TOLEDO	0.659720136358795	2.19792533347857	-0.19370977620964	-1.00008821565382	-1.62815649346714	4.78957447460053	-4.05864184085874	1.5925060359133	0.365083587677366	1.55885858077996	5.87650194239288	0.402401944499678	2.50717660231443	-1.67323210212772	-0.377016490165762	5.55593085550514	-2.79320226235628	4.56922024534871	-1.03712658950547	2.50679297425448
VAL	0.0811880587364436	-0.0215825152519858	-0.0426553397421562	-0.612272574045037	0.453571487518963	1.06197714882965	0.666969038510813	0.758015213042108	-0.12772478986365	0.81836084924556	0.0190137467000229	0.0334670748203013	-0.330218334766901	0.965566371949135	-0.0426483253122729	-0.0810989227233821	0.190470317918927	0.315090618973858	-0.181039793115899	0.439522641095833
WSUDLCL2	1.48836546967757	1.81983079655644	-0.86471205401472	-1.57805842227963	1.16954830268775	2.22478710796859	-0.574551600149299	1.14404088796044	0.022204964399407	1.97659495006137	-0.52973878081474	0.62946365581699	0.0894003375594001	1.10525957366374	1.05996451630577	-0.0284792405618159	2.12162776536663	1.15454816054925	-0.195888864603217	0.495177794711805
LY3	-0.482599552385045	-1.21762549175022	-0.630691420586314	1.27122574741669	-1.14868077565707	-0.958779801495049	-0.192555166883472	0.0129008768008606	-1.01960747771544	0.11899220838534	-0.342619389853044	-0.745213975447081	-0.25787617583267	-1.49725602609439	-0.580794367306246	-0.165805895933389	-0.863118369393474	-1.51779414674209	-0.275775572342847	-0.871118790358289
LY10	-0.425597920252583	-0.802965619272173	-0.612869253921468	1.37456871163676	-0.814313722979323	-1.25659711310131	-0.61444012409545	-0.155561112640861	0.270743434592433	-0.860969784812865	-0.735280280286137	0.20282444250632	0.860996909845801	-1.26903752672563	-1.64156628041576	-0.292340255458946	-0.696886976367959	-1.1771646180909	1.04721833838091	-0.168690853801567
HBL1	-0.372157331912038	-0.588270489085318	-0.16401782743549	0.556932561269687	-0.919056874955139	-0.882061457057926	0.591987895889346	-0.140346868901238	0.765919595780965	-0.0206941736940958	-0.486958992195765	-0.0335811433456924	0.59209581175856	-0.381456572443134	-0.807050776537721	0.0770690266835645	-0.357489094511177	-1.05620831955934	0.403974717620252	-0.470301854451344
HLY1	-0.221342764318533	-0.88498883709805	-0.381064463939197	1.76969446362327	-0.80670106626731	-0.566233455863294	0.600019747996151	-0.544740167137701	0.784834666819718	-0.0161524502369305	-0.672172647794388	-1.9683151719781	-1.30705945867945	-1.49776565303489	0.613090239455818	0.502322165238598	-0.646561008324971	-0.381718936328571	-0.897218940553125	-0.35424962830145
MD901	-0.548701168069781	-1.11856992117935	0.765464885487611	0.403405064065049	-0.399792583831388	-0.962680734263038	-1.05545713351689	-0.0508754124478404	1.14672448184057	-1.29555594812036	-0.190378926317584	-0.949247601643416	-0.912029151938981	-0.603400956880116	-0.416187525730782	-0.819116270053824	-1.662689012658	-1.30412743115019	0.347561214589832	-0.781396692937027
TMD8	-0.61789012977248	-1.00798812281187	-0.512870041558095	1.47359022996093	-0.7676885046911	-1.24435943512702	-0.176439893795983	-0.65686394204787	0.448999434945388	-1.15322022735757	-1.09306224329299	-0.479634934319714	-0.701411587092223	-1.39601756009327	-1.0164142512385	-0.80795715198764	-0.758049806998289	-1.26883354683252	1.05587489315626	-0.352409015037246
U266	-2.38214840215865	-1.02550711420672	-0.119086035451184	2.21697185837491	-1.12633126896623	-1.27708853771235	0.210648965765489	-1.91097925495583	-0.841861442513041	-0.690428068996314	0.857477752221891	-1.27217617023516	-0.136824009332808	-0.343395370396063	-0.781149789611208	-1.37832709148467	-1.74061889513355	-1.19001263347084	0.56857894456591	-1.15947113613879
U2932	-1.83619509670217	-1.31284809947221	-0.165687661611405	0.878702156399745	-0.580708384384425	-0.971663023899023	0.416769754663701	0.084771923936669	-1.05785486400704	-0.590888629893444	1.27451617417429	-1.39105391637045	-0.673783826315924	-0.101036040868036	-0.470099698255877	-0.775001071470379	-0.891355002763582	-1.36139133198409	-0.112014305787299	-1.2263883471849