cigarette_packs_per_day,datavizitis_deaths_per_thousand,coffee_cups_per_day
0,5.559936384046622,1-5
2,16.117005949576697,5+
1,10.183569323200478,5+
1,8.134044288799466,5+
0,5.711943985386401,1-5
0,4.761250531233856,0
0,4.130722860753797,1-5
2,15.643388467342252,1-5
1,7.72376476710168,1-5
1,9.908652811480671,1-5
0,3.470628491817928,0
2,14.147329714156466,1-5
2,13.97764081378211,5+
0,5.612688374989926,0
0,3.8707366063072115,0
0,6.0337277099165,0
0,3.964198536947702,0
1,7.792642042407053,0
1,8.383475560051341,1-5
0,5.735811620006938,0
1,9.344101822063333,1-5
0,3.951712703509399,1-5
0,4.660018225852788,1-5
0,5.001782736167545,0
1,10.617398815902462,1-5
2,16.948499229892928,1-5
0,4.140231354210914,1-5
1,8.173952313917962,0
1,9.086534838876723,0
0,4.760280506582886,1-5
1,8.53624107378939,1-5
0,3.542849085104957,0
0,4.843787881549885,0
2,15.451347648429548,5+
2,15.532796995411587,5+
2,14.74150466529993,5+
0,4.269599285794233,0
0,3.5757668557316955,0
1,10.390198411124787,5+
1,10.535249334723753,5+
0,2.653812137761906,0
1,8.57048913980759,5+
0,3.003470744909921,0
2,14.849976065593102,1-5
0,4.416562030209639,0
1,8.05035478030147,1-5
0,3.5781401868746867,1-5
1,8.496042627918502,0
1,9.707267329398944,1-5
0,4.5693443370362505,1-5
2,14.778262446662747,5+
2,15.676820872139398,1-5
2,14.953319915412735,1-5
2,15.228344889673947,5+
1,11.173452090298538,0
2,16.84046105179035,5+
0,3.2004187630724026,1-5
0,5.329732417879175,0
0,5.311396554491592,0
0,3.3517367112473817,0
0,5.318777643754861,1-5
0,6.037931918412553,0
2,14.377455193755587,5+
0,3.5824971789857365,0
0,5.517661466843503,0
1,9.771495310825648,0
0,5.051476275239523,0
2,15.840589216400497,5+
0,4.890695920928144,1-5
2,14.173527871688917,5+
2,16.54731770662145,0
0,5.669589992427774,0
0,4.270609255931972,0
2,15.456523050186137,1-5
1,7.968892497444278,5+
1,10.014254756017834,1-5
2,16.072057441714144,1-5
0,4.437808983000689,1-5
0,5.6243533598705024,5+
0,4.165922769020059,0
2,16.064605925893602,5+
1,8.480335661307885,1-5
0,4.476447849125762,0
0,4.325645742097164,0
0,4.725307922040941,0
0,4.130473071166642,5+
1,9.368527404328333,1-5
1,10.326047171441505,0
2,15.063235762761783,5+
1,7.893422899261321,1-5
0,6.249583904205421,1-5
1,10.881454078690487,1-5
2,14.207737304894382,1-5
1,10.189707805245195,0
2,14.997025229448656,5+
1,9.76348721533106,1-5
1,9.794224129013493,1-5
1,9.265592199683677,1-5
0,3.7162343344136035,0
0,3.8094589476837406,0
0,3.5838080845187577,1-5
1,8.668177791769555,5+
0,4.432821709950645,0
1,8.784240010889249,1-5
2,16.182052065712618,1-5
0,5.987246155335927,0
1,8.919946758629957,1-5
2,15.739404500535377,5+
0,4.999685110302934,1-5
0,4.972002270919274,0
0,4.575955267916087,0
0,5.242682418359722,1-5
2,15.982248952680656,5+
2,14.262337577672703,0
1,10.369156064389273,1-5
2,16.387290837266743,5+
2,14.736713895821419,1-5
0,4.537937835447602,0
2,16.18332899281107,0
1,9.29068618042064,1-5
2,16.57297804776601,1-5
2,17.86387249461936,1-5
0,3.714013967365018,0
0,3.118955396846225,1-5
0,4.803818595604875,1-5
1,10.221562505126144,1-5
2,15.26913362615523,5+
2,16.953260663321036,5+
0,3.161394200276751,0
1,10.192918623031611,1-5
1,8.894139179241106,1-5
0,6.2193779062072965,0
0,6.492515353168118,0
0,3.733343412216652,1-5
2,14.95044286409142,5+
0,5.359587886979802,0
1,9.112869350210484,5+
1,9.454588782067761,0
0,4.52538842054241,0
2,13.580326843802343,5+
2,15.486162253905762,5+
0,3.810272225935826,0
1,9.006877177600227,1-5
0,5.943632003468814,0
0,3.2434931057207437,0
0,5.313205186747977,0
1,9.221037069668192,1-5
1,9.220239831504166,0
0,5.290371896051711,0
0,4.84005129456889,0
2,16.07061299721953,5+
0,5.468184660532861,0
0,4.168691616816678,0
1,8.88776326549225,1-5
2,14.414849473442201,5+
0,3.674589470021045,0
1,12.449094425308726,5+
2,16.744679580736786,5+
0,3.1489256337919787,0
1,8.17754204325643,0
0,4.981866061718492,0
1,10.047264797377967,1-5
1,10.048883835317364,0
1,9.245044206446302,1-5
0,4.3745457399970995,1-5
2,15.827879524159357,0
0,4.585893006293331,1-5
0,2.280699627252465,0
0,4.270200369424806,0
1,8.648593565739686,0
1,9.675211418908512,5+
0,7.48525900260341,0
1,9.867481665474305,1-5
0,4.186470313827602,0
1,10.421801501977253,1-5
0,4.982687887209213,5+
1,9.920094490451842,1-5
0,5.106850593215671,0
2,17.556543564829543,5+
0,3.3691115646740846,0
0,4.973632076811454,0
0,3.5736188700184615,0
2,16.055512646342248,5+
2,14.581313488513906,1-5
0,4.082633186394916,0
1,9.204910085762094,1-5
2,16.47581671934471,1-5
1,10.418454443942414,1-5
1,8.254282623553616,0
0,4.554934110999849,0
0,3.7904201452508275,0
2,14.241495089324665,5+
2,15.28298294957563,5+
1,9.19151721154418,5+
0,6.926716486345523,1-5
0,4.9329598253606965,0
1,8.122382499245763,0
2,14.935225995829057,5+
2,16.5213832954294,5+
2,17.588442772869925,5+
1,7.914016687762041,5+
0,2.620075614860955,0
0,6.370965175371782,0
2,15.889614177370904,5+
1,8.631707268123634,0
0,5.034629086122435,0
0,1.8642522609831222,1-5
1,9.50337550659716,1-5
0,4.827821172843085,0
0,5.42427013953783,0
1,8.486104047707462,5+
1,9.585687161403358,1-5
1,8.574575373940412,1-5
0,4.755383755674317,1-5
1,8.604653677636977,1-5
0,4.0918991608397794,0
0,3.5041846052097707,0
1,10.151136241823657,0
1,10.358451116656665,5+
2,15.265379430042586,5+
1,9.538237994960028,1-5
1,8.051408585366456,1-5
0,4.200323351993213,0
0,4.449795382958255,0
0,7.1207930910299755,0
0,3.3880329742258364,0
2,16.964177238752438,1-5
0,5.496858773465808,1-5
2,15.780636404490137,1-5
1,11.258620484195134,0
2,15.872105472606863,5+
1,9.88915919566793,5+
1,9.446879346982454,1-5
1,10.723568882418627,0
0,5.5964692338108835,0
1,8.874322712503787,1-5
0,3.180752805401233,0
0,4.297019362604343,1-5
1,8.699961435602354,5+
0,4.436475425384645,1-5
2,16.73743813468414,5+
2,15.04269834491321,5+
2,15.457176618688425,0
0,4.558022734808395,5+
0,5.348430882205284,0
2,13.253110666015395,1-5
1,8.893299705234703,1-5
2,15.711283692279473,1-5
2,16.70007895642686,5+
2,15.008097552493794,5+
0,2.623447293958126,0
0,5.119711445966137,1-5
2,14.86463761117437,1-5
0,3.3103333409096387,0
0,3.8756546102867757,0
1,9.315474642344151,1-5
2,14.895255335461787,5+
1,7.29443394290093,1-5
1,10.397066196887133,1-5
0,5.774875041278722,0
1,10.151521991339505,5+
2,14.362314329575183,1-5
0,4.298508466052482,1-5
1,9.493478684770542,0
2,16.09879438956191,1-5
1,10.16834048871808,1-5
1,8.765826201221504,5+
1,9.58199555641356,1-5
0,4.957280404615241,1-5
0,5.9558223221467665,0
2,16.204506539824724,5+
2,16.28905668737552,1-5
2,15.58382662792936,5+
2,16.910459145203504,1-5
1,9.909762795959498,5+
1,8.63891208982643,5+
2,16.90336997012519,5+
1,10.197903272539028,1-5
1,9.056955978871517,1-5
2,15.020507032600756,5+
2,15.796575545140762,1-5
0,4.963184795267585,0
0,4.697292265631207,0
0,4.811308673442885,0
1,11.19995737457638,0
0,5.571543152234886,0
1,9.690635591265025,1-5
1,10.441310580767484,1-5
0,3.4674760964724607,0
1,9.897927049946809,0
0,6.30930634973311,0
0,4.281954104607626,0
2,14.652366071380914,5+
0,3.8479111114069395,0
0,3.4103669626576116,0
1,8.715238091872296,1-5
2,15.12949190140997,1-5
0,3.0944329808213578,1-5
1,9.515618333949604,1-5
0,5.402277173786647,0
0,3.5922438198530795,0
1,11.019283923641769,0
1,10.010792088527595,1-5
1,10.530580585624058,1-5
1,8.842165446147863,1-5
2,16.354525227066617,1-5
1,8.408066099604687,0
0,5.390247500836509,1-5
2,15.67183933979353,5+
0,5.053251219984784,0
1,8.324405394375148,1-5
0,3.604930157723395,0
0,5.097228218253385,1-5
2,14.5516519957758,0
2,15.963206292099123,1-5
1,8.132862193539754,5+
1,10.348174212666668,0
0,3.267476685231491,0
0,5.052299937679523,5+
0,5.125630933646001,0
1,8.803228181570425,1-5
1,10.082026567084727,0
1,9.760442263333555,0
0,3.961158143807262,0
2,14.491445315923793,5+
1,7.537374308327421,1-5
1,9.849650047299694,1-5
1,7.935197228637945,5+
1,9.595344199441309,1-5
0,4.236551783917751,0
0,5.179142775438195,0
2,15.197954500510136,5+
0,4.1705522136529085,1-5
0,5.231870704288296,0
0,4.835058029084117,0
0,4.816155957182779,0
2,15.969267589808526,5+
1,7.964427876792894,0
1,10.256788679986983,1-5
0,5.112468794013602,1-5
1,8.483316871423503,1-5
1,9.2559195263258,1-5
0,4.460692712372369,0
1,9.365503215598267,1-5
0,4.833859966568535,0
1,10.931366781831183,5+
1,10.581766727672829,1-5
0,3.1877808065685937,0
0,5.1220699903060485,0
1,10.828933319535409,0
1,9.886808520689202,1-5
2,16.59098042518597,5+
1,11.512270445700764,5+
0,5.523709546106981,0
0,4.749308595641729,0
1,10.545088474084753,0
0,4.644887833096891,1-5
1,9.523903043284955,0
2,15.148585764286267,5+
1,11.063413358832108,1-5
0,3.6815713340579985,1-5
1,11.032367724678116,1-5
1,9.999864123740371,1-5
1,8.100693825198059,1-5
2,15.867649292991421,5+
0,2.399973492348376,0
2,16.125508016831034,5+
2,16.385231482988992,1-5
0,3.9076440443479465,5+
0,4.623547695955582,1-5
0,6.454157433750286,0
0,3.9942532957380634,1-5
0,3.4410924129433997,0
1,10.9816634024626,1-5
0,6.462587190530795,0
0,4.503695671847847,0
2,16.511463035408354,5+
0,5.841475915530881,0
2,14.757515767461616,5+
0,4.0146941646321315,0
0,5.730874513154735,1-5
1,11.18501427870851,0
1,10.062880860174355,5+
2,14.620185646497946,5+
1,11.487061111699441,1-5
2,14.969029102188035,1-5
0,4.1648622188285485,0
0,4.842337834489621,1-5
2,17.054160420714773,1-5
2,16.353975976552224,5+
2,15.91486550036191,1-5
1,9.963288530118106,1-5
0,4.543514668643466,5+
2,16.058139514518505,5+
0,1.970439922305697,0
2,15.203392540930201,5+
2,15.741321934916781,1-5
1,8.348985916380492,1-5
2,15.88632331781156,5+
2,15.295528779013878,5+
0,6.2554756983154896,0
2,17.073019725214856,5+
1,9.034194430881836,1-5
2,15.349162288433305,1-5
0,4.4260524343916074,0
2,15.048340523840377,5+
0,4.695024984028127,0
0,3.74171793111241,0
2,14.369384665062473,5+
0,5.122711223900269,0
0,5.129529584221811,1-5
2,14.695684240340007,5+
2,16.3953554307626,1-5
1,8.86842227083467,1-5
1,9.753165238037981,5+
1,10.320344012612455,5+
0,4.466387435296287,0
0,4.954740912141134,0
1,8.983570356112429,1-5
2,15.303533416571902,1-5
2,15.29414056911966,5+
2,14.75342165345976,1-5
0,4.323225836884218,0
1,7.9513817011362535,1-5
0,4.008846252857896,0
1,9.21512450663033,1-5
1,9.24382024750462,1-5
2,15.25850255412922,1-5
0,4.438235800139871,0
0,4.979441518086064,0
0,5.374517074132522,0
2,14.850234773151733,5+
1,8.296799144610855,1-5
0,3.457955587756897,1-5
0,4.012797078805073,1-5
1,9.14807868218349,5+
0,3.730003933802543,1-5
2,14.203883335750106,1-5
1,9.043879172525811,0
0,4.681426620113971,0
0,5.095029465835565,1-5
2,14.942576946891679,5+
0,4.087002177856566,1-5
0,3.573301691152689,0
2,15.468560829625224,5+
2,14.651571365809186,5+
2,16.0731278132412,0
2,13.714133508065888,5+
0,4.140370327547537,0
0,4.801107339191742,0
2,15.683834516322504,1-5
1,12.193033663980497,1-5
1,9.849800024567907,1-5
2,14.49594540315799,5+
0,4.404535752910927,0
1,7.723753666533549,1-5
0,4.419400250703239,1-5
1,8.666943942999241,5+
0,5.415390275560162,0
0,3.950459725404465,0
0,4.383234084204753,0
1,8.864442158595597,0
1,11.23885135185333,1-5
1,9.178757233882088,5+
2,17.332557043479202,1-5
0,5.314151762118266,1-5
0,4.982066727335386,1-5
2,15.86873314731752,5+
0,4.893797298216252,0
2,13.57232742065439,5+
0,4.221116605849243,0
2,16.34515797118432,5+
0,4.451102816525895,0
2,14.094810153196425,0
1,9.44759554942253,1-5
2,17.204105516255492,5+
0,5.746891715534719,0
1,9.437995990633969,0
2,16.451449277058085,5+
1,9.133492979631948,0
1,7.796128413173281,5+
1,8.575534011870445,0
1,11.062888768508198,0
1,9.226006918170695,1-5
1,9.256616020624982,1-5
2,15.20016180372512,1-5
0,6.404136589573007,0
0,6.125958915362063,5+
2,17.718780233448133,5+
2,15.340954789599948,0
1,9.795624488747094,1-5
1,7.983357450579209,5+
0,5.976934426118275,0
0,3.3322204487320652,0
1,9.71677556376263,1-5
0,3.402697472367156,0
1,8.911133173261303,1-5
0,3.6627375689502997,0
2,14.892124739324181,1-5
2,14.960877296851022,5+
1,8.951731205074923,1-5
1,10.333333911780308,1-5
0,3.3951372069374797,0
2,15.720541427013867,1-5
1,10.717959152305559,5+
0,3.986803635486604,1-5
2,14.782081109252399,5+
2,15.269475374819748,1-5
2,16.67972520836071,1-5
1,9.694107630953358,1-5
1,8.968785705392401,0
1,9.983876651188039,5+
2,14.397707850163577,1-5
2,16.18135951044295,5+
0,4.908607307701768,0
0,4.192191528861116,0
0,3.661414201552769,0
2,14.613319077716543,5+
2,16.03481733634591,1-5
0,5.728980502489062,1-5
1,8.862692252971206,0
0,4.958386703551485,1-5
2,13.412972981397932,5+
2,14.9153822693428,1-5
2,15.468941067129098,5+
1,8.590316583018167,0
1,8.563493625210404,5+
0,3.8322204435311136,0
0,4.792192728326373,0
2,15.312670981593625,1-5
2,13.261768766675027,1-5
2,13.379299847364933,5+
2,14.893134822142825,0
1,9.957686586053551,1-5
2,12.752495157274765,5+
2,15.00026982384837,5+
2,14.973752143482578,1-5
0,5.888337778208448,0
1,9.114978188287136,1-5
0,4.882988984740928,1-5
2,15.641257140087463,1-5
1,7.3694335201928,0
0,5.268207216631737,0
1,9.715396505456289,1-5
1,10.00826863967459,0
0,8.426237706436327,0
0,2.4158870605014116,0
1,11.224696649761109,5+
1,9.212552480599644,5+
2,15.78732890440301,5+
1,9.454487754698757,1-5
2,15.075763666601956,1-5
1,8.930167071761241,0
1,9.82950873557301,1-5
2,13.98282630332832,5+
1,10.250579167521765,1-5
0,4.083805595114746,1-5
0,3.369930660959642,0
2,15.049987142004186,5+
1,10.757149216862572,1-5
1,8.964664912983777,1-5
0,4.85845361820962,0
0,3.7690437242845265,0
0,5.257921849923619,0
0,5.185507738790204,1-5
1,11.348608833296412,5+
0,4.324436054500785,0
1,10.168654804757907,0
2,15.598067539538945,5+
0,5.795871781863014,0
1,8.78116761239127,0
2,16.245005312877282,5+
0,4.305302703883318,5+
1,9.435811822891502,5+
2,15.591752484448373,1-5
2,15.752240396426677,5+
0,4.383770956878042,1-5
2,15.714713183170526,5+
1,11.078118057562184,1-5
0,5.485449685615219,1-5
1,10.369154592496896,1-5
2,15.044460473976129,1-5
1,8.610759171771676,1-5
0,5.455300558237753,0
1,10.376046792529793,0
0,5.972670675750982,1-5
0,3.8960193740307707,0
0,4.270451344639653,0
0,2.8605158374745656,0
0,4.1075288939391275,0
0,5.496570510579447,0
1,9.033504620771803,0
0,5.140479795200823,0
0,4.309496894002189,0
2,15.82405702822156,5+
1,8.352308610184332,0
1,9.5852094496339,1-5
0,1.5088640290992767,0
0,4.313103841838015,5+
0,2.86952675628486,0
0,5.705994516546816,0
0,5.277407352764511,0
0,4.966670981966081,0
0,6.02100622715938,5+
0,3.551083479175163,0
1,11.247363197915558,1-5
0,5.432191564260385,0
0,4.2634447127810535,0
1,10.635620147182944,5+
1,8.393706487588366,1-5
0,3.6754858384723263,0
2,14.8914102767603,1-5
1,8.971022291935984,0
0,3.4434423572397472,1-5
2,16.723083067095324,5+
2,15.241145599630169,1-5
0,4.85250496835688,0
0,3.9296486335863197,0
2,13.679396699451482,5+
1,9.770057358391423,1-5
0,2.587745024580223,0
0,4.431365953914532,0
0,3.1316849611671893,0
1,11.487275999230809,5+
1,10.411362722174722,0
0,4.60575379127148,0
1,10.76370667765467,1-5
1,8.653684022534264,1-5
0,5.043479378670093,0
0,4.699810433718714,1-5
1,9.76402008133367,1-5
2,16.772353500106767,5+
1,10.232492102779803,1-5
1,9.788723662825022,0
0,2.845112563771704,0
1,8.539953704720537,1-5
1,9.377291066404275,0
0,4.593372374276651,0
0,3.369796275326076,0
0,6.911676675578422,0
0,6.016394055253572,0
0,5.102118320392483,0
0,4.5720368612837445,0
0,4.287791030098848,0
0,3.5480815399777645,0
2,15.577480518518863,5+
1,9.75775254014275,1-5
1,8.258239424518376,1-5
2,15.834176417244898,1-5
1,9.34474095117525,1-5
0,2.592192442122609,0
1,8.639614989220497,5+
1,9.086394466578355,1-5
1,11.38768765734019,1-5
1,10.056553124533758,1-5
0,3.1645184309001086,0
0,4.986036289417637,0
0,2.9526960110616347,0
1,10.582691053887073,0
1,9.02887534818212,1-5
0,4.406363811260829,0
2,16.82579664754219,5+
1,8.21283643141575,1-5
0,3.1028818148870085,0
0,3.916400673653995,0
0,5.538378851019317,0
0,2.980653924523158,0
0,1.6678444018894312,0
0,4.0488411415910015,0
0,5.05174079991092,0
0,5.7002617497388295,1-5
2,15.0368386379146,5+
0,4.088573392883998,0
1,10.653900734255748,1-5
1,7.630258300304579,1-5
2,15.111479224816991,1-5
0,4.690423889925058,0
0,4.9492187212850345,0
2,14.990193306809118,5+
2,15.534441011705841,1-5
2,13.01167264658701,1-5
0,3.8417515876661517,0
0,4.953508712554467,1-5
1,8.517705965745321,1-5
2,15.558984221589597,5+
1,9.946872500802698,1-5
1,9.157450799142236,5+
0,4.670463770996571,0
2,14.537267434715387,5+
0,4.293388720303954,0
0,5.110216169589222,0
1,9.656972960968433,1-5
1,8.913468730436065,1-5
0,4.724216404290793,0
0,5.214609790636618,1-5
1,7.450058721422522,1-5
0,5.659074064955898,0
1,9.163745261318928,0
0,4.925489933240231,0
1,10.697246923645228,1-5
1,8.128326302769533,1-5
0,3.7905589975724534,0
0,4.211451304124295,0
0,3.7162464788755716,5+
0,6.234936575836809,0
2,14.643227906173207,5+
0,3.9444532205131333,0
2,15.704389031602977,1-5
0,3.297850473923911,0
1,9.104319288243737,1-5
2,15.817453261250176,5+
1,9.167139595617488,0
1,9.40661314110005,0
1,8.97066788755163,5+
0,2.985529690819233,0
2,15.821593211339238,5+
2,17.25493307164724,5+
2,15.518401630783439,5+
0,4.72526411724755,0
1,10.19272275511686,0
2,14.230669503453301,5+
0,6.202514658129606,1-5
0,4.702328796422802,0
1,11.131856899089108,1-5
1,8.76696700447601,1-5
2,17.318061922557824,5+
0,5.275155494034783,1-5
2,16.05304008585236,5+
0,4.734024454353148,0
0,4.25147138192555,0
0,5.7005316584738726,0
2,15.640359869848046,5+
1,7.5329302964128475,1-5
1,8.382813538292998,1-5
0,4.314154247807252,1-5
2,15.809998983165555,1-5
0,4.443411511100104,0
2,16.718970789793662,5+
1,7.548898135961375,1-5
0,4.64358793650516,1-5
1,7.6820207746128455,1-5
0,5.259712295484168,0
1,9.405541285557998,1-5
1,9.919609972024118,1-5
0,3.636117039410234,0
2,16.779464931657753,1-5
0,5.541724664058851,0
1,10.083544303011887,0
2,15.370482753136558,1-5
1,10.079857285295132,1-5
0,3.793107432012651,1-5
2,16.355555659020713,5+
1,11.14948089432392,1-5
0,5.570610559979186,0
0,3.7703975301925903,0
2,15.861417317273103,1-5
1,8.206858456241353,0
1,10.072390311175676,0
2,15.950603412862538,5+
2,13.630183660467836,5+
0,3.338216156087636,0
0,4.216861103256233,0
0,4.1991402528591735,1-5
1,8.290523064581194,1-5
0,4.888978729352184,1-5
1,9.751473608940511,1-5
2,15.305730868021481,5+
2,14.744208499841637,5+
0,5.548707126416564,0
2,17.155407113088295,5+
0,4.016438516153463,0
2,14.88783308284518,5+
0,4.991207665411996,0
0,4.141970620253014,0
2,15.360602799336766,5+
0,5.239653151724672,1-5
0,2.590643912492707,1-5
1,10.81830232485267,1-5
1,9.572680524329341,0
1,9.088506855437819,1-5
1,9.41076584577855,1-5
1,9.462429355020518,5+
0,2.7687986965550744,1-5
0,5.994938227453236,0
0,4.541325632270619,1-5
2,15.943002130447375,0
1,10.451549770574044,1-5
1,8.478837542439699,1-5
1,9.973471899035228,0
2,15.232358909101206,5+
0,5.346770775216494,0
1,7.372772579648505,0
1,9.40090569975873,1-5
1,8.897179344216038,1-5
0,4.932262950634155,1-5
2,15.970044187368202,5+
2,14.792374105177974,5+
1,8.787826135823956,1-5
1,9.38933463144267,0
2,14.603357772684792,1-5
1,10.341983695452127,1-5
0,4.1307927995525535,0
1,6.593011780678358,1-5
1,9.125177943378194,1-5
1,8.461456179156027,1-5
1,7.8687241845390545,0
2,14.262573361777427,1-5
2,15.60940847183297,5+
1,10.828640828248231,1-5
0,4.81318447386498,1-5
2,14.89349661178426,1-5
2,15.955904195170703,5+
0,4.040909689781008,0
2,14.805399630836856,0
2,14.345637331767016,5+
1,7.748171193248281,1-5
1,9.110076293440555,1-5
0,4.658053489920132,0
0,4.40337632998511,0
0,4.084033072052641,1-5
2,14.55425393930322,1-5
0,5.108246191684969,0
0,3.182868080053415,0
0,5.276027913843476,0
1,8.497782981073275,1-5
2,14.747564762646965,1-5
0,3.033214809384323,0
0,3.9985978531143633,0
1,10.47531245847798,5+
1,10.015628088443956,1-5
0,5.478422112028035,0
1,10.022142545933935,1-5
0,3.396330171469631,0
0,4.169210775672442,1-5
1,8.719800870882537,5+
1,10.83057490403904,1-5
2,14.303211353573689,5+
0,5.393697689389111,0
1,10.39295387010877,0
1,11.329620201716088,1-5
0,4.090313407370503,0
1,10.212322159580163,1-5
0,6.781651836538843,1-5
2,14.882358323066303,5+
0,2.9649597524676405,1-5
1,7.619989966092236,1-5
0,5.212712028861331,0
2,13.616849791941416,5+
1,9.127680947062077,1-5
1,9.93731318703896,5+
0,4.685175536829914,0
1,9.925444864184172,0
0,4.722289855800854,0
2,16.778865813313395,5+
0,3.547683619261203,0
0,3.8230048615414685,0
0,3.7273405547291762,0
1,10.33019181186261,1-5
1,10.400398588395063,1-5
0,4.9512253193185085,0
2,16.683493666889927,1-5
1,8.321959132623618,1-5
1,11.167224111551137,1-5
1,11.023238621712258,1-5
1,10.235621997245747,1-5
1,11.28179890877106,1-5
0,2.843376792322226,0
0,3.975551863737348,0
2,14.764696539318047,1-5
2,16.221479323757343,5+
0,3.4498592603978544,1-5
0,5.257495149337485,1-5
1,10.870536143996713,1-5
1,10.195202900083999,1-5
0,4.783751023661501,0
0,3.512126659099251,0
1,8.653149033874636,0
1,10.749618905296666,1-5
0,5.279349003905333,1-5
0,4.460980480622456,0
0,4.082090454234109,0
1,7.474192126888623,1-5
0,3.4291475813155614,0
0,6.411419087139723,0
2,14.219544428997533,5+
0,4.689479821221081,0
1,10.507443973195198,1-5
0,3.2450773319977078,0
0,4.684710474781084,1-5
0,5.437915537510655,0
1,9.512499321907251,1-5
2,18.368403055666768,5+
2,13.831400741121804,5+
0,5.558728529883879,5+
1,9.327198262603536,0
0,5.271920154836675,0
0,4.941307151699246,1-5
2,14.766843802890003,5+
0,4.72899639245934,0
0,2.642098548601713,0
0,5.103247500571394,0
0,4.798158465990525,1-5
0,5.138660168643103,1-5
1,10.55811832508715,1-5
1,9.867619840209711,1-5
2,15.648089419798277,5+
2,14.618931663338708,1-5
0,3.787779236350949,1-5
0,5.686734620177331,0
0,5.936335405705979,0
1,9.261889563687946,5+
0,4.546002747253274,0
1,8.595385625006234,1-5
1,10.672756845267445,1-5
1,10.165416823691778,1-5
1,11.441217436463749,1-5
0,3.621676922820261,5+
2,15.121992100981783,5+
2,15.731445922525573,5+
0,5.1464895377257704,0
2,15.284332362452368,0
1,8.6270389095463,0
2,16.38140752892357,5+
2,16.22113536254558,5+
1,8.583725899436274,1-5
0,5.855442801105496,1-5
0,5.670198709196604,0
1,9.634296497247792,1-5
1,9.579597862376037,1-5
0,5.054057771115907,0
0,3.638296929743742,0
2,15.530031479164082,5+
2,13.34761645539082,1-5
1,10.376455645502936,5+
0,2.938506777558141,0
0,6.003419828428999,5+
0,4.169879906033549,0
2,15.288333018068823,5+
0,3.8722660939154943,0
1,9.211961126077924,1-5
0,5.918531345148036,1-5
1,7.01219134346492,0
1,10.776965386088188,0
2,15.838023481101708,5+
0,3.2929783521427844,1-5
0,3.424687606950762,0
0,6.176393027208203,0
2,14.554493120057268,1-5
2,14.34664948940404,0
1,10.637314542364729,5+
1,9.838552876285915,0
1,8.562074423463601,1-5
0,4.716624975404619,1-5
2,14.474247316359723,1-5
1,10.600821398422605,1-5
0,5.5613709648731335,0
1,10.032006198821943,1-5
0,4.861661061247016,0
0,6.261188124867374,1-5
1,9.499686327388225,1-5
0,3.3181258745791986,0
1,9.949473912832307,1-5
0,6.586047049537114,0
0,3.485240506814148,1-5
0,4.138537233306014,0
0,4.916446038101452,0
1,9.44609515099426,0
0,3.5176964196226854,0
1,10.62185785623047,0
1,11.820040722017259,1-5
1,9.696131459023908,1-5
2,14.595931710263999,5+
1,7.9510394749465245,1-5
0,4.757975981221181,1-5
0,5.603877343316258,1-5
0,4.975167746495382,0
1,9.497596159081146,1-5
0,3.910728348210694,0
1,8.40783636728191,1-5
1,10.334751326324882,1-5
0,5.413771621385585,0
2,13.954270213309266,5+
0,6.089838978180683,0
0,5.074071220894002,0
1,10.899594645145793,0
1,8.157872251514885,1-5
1,8.134175844584561,1-5
1,9.351030690232703,1-5
0,5.002784426895194,0
2,17.296360822926964,1-5
2,16.20607891381513,1-5
1,9.257318723187966,0
0,3.4736307923341077,0
1,10.73000057271915,5+
0,3.535294574249285,1-5
0,6.128468554772322,0
2,15.21561535039349,5+
0,6.090582072617851,0
2,16.17893129005928,5+
1,9.363004510557541,0
0,3.9806036281738733,1-5
1,9.15909212265392,1-5
2,15.928316692375237,1-5
1,9.577156496217716,5+
2,14.906188591931295,0
1,9.334368589682368,1-5
1,9.578577029719149,1-5
2,13.371265905585188,1-5
0,4.958168114788698,0
1,8.520278775283193,1-5
0,3.346667596794255,1-5
2,13.81265565288929,0
2,13.70610750213211,5+
0,3.1445524968877105,0
1,8.790979042369509,1-5
2,17.45325913752657,1-5
0,3.974120324104796,0
1,9.677750106268032,0
2,15.900481386506328,5+
0,4.6310651862158485,0
1,9.422556539274007,0
0,3.3047062364007553,0
2,16.95092754827921,5+
2,17.307196643637884,5+
2,13.817341305877314,1-5
1,8.47597140911362,0
2,15.220189657622994,1-5
2,14.535462205089809,1-5
0,5.005965553455865,0
2,14.771727797593387,5+
0,6.665056067806603,0
1,10.690548594343596,1-5
0,4.712574030632215,0
0,5.526986263319732,1-5
0,5.6059004243573085,1-5
1,8.936052511941757,1-5
0,3.683782755458035,0
1,9.578143062969648,1-5
0,5.361636124497944,0
0,4.639060398653418,1-5
1,7.923003517809002,1-5
2,14.697175556049158,5+
0,4.426027136405622,1-5
1,9.424334395674169,1-5
2,17.47254217678981,5+
1,8.114012057601002,0
0,5.0055892418358745,0
0,5.98911310832829,0
2,17.771449745422796,1-5
0,4.095602576816039,1-5
2,15.9914294527202,1-5
1,10.069760357198646,1-5
2,15.69548173155329,5+
2,15.401154798760693,5+
2,15.935975389500046,1-5
0,1.9677539147803147,1-5
2,16.18206949006263,5+
1,9.626177903661967,1-5
1,9.277525103221734,0
1,11.546862195719559,1-5
2,14.825065981209448,5+
2,15.09692401093497,5+
2,17.491553302204736,5+
1,8.667938695150143,1-5
1,8.949884717063462,0
1,9.35297457656915,0
0,5.340734482129549,0
0,4.707802507353313,0
0,3.2073746528477374,1-5
0,3.9678314368728103,0
0,3.8926455667877886,0
0,4.4227789547769545,0
0,4.925843658629829,0
0,4.918205755887972,0
2,13.723988245951597,1-5
1,10.563940987560857,0
0,4.752568845996623,0
1,10.884532047593906,0
0,4.944198327290672,0
2,16.60132295773576,5+
2,15.966545311450126,1-5
0,5.846225756202748,5+
1,10.022250636017779,0
2,15.402084753557096,1-5
2,17.77243472044688,1-5
1,10.389037122279891,0
1,10.073744421004413,5+
0,3.223695583461664,0
2,14.211692382536462,5+
0,4.792715482141853,1-5
2,15.645521197768241,5+
1,8.885877434991684,1-5
1,9.64098269961206,1-5
1,11.088626928043595,1-5
0,5.195402474550299,0
0,3.358991490247262,0
0,4.388491172857056,0
0,3.6950335191474393,0
2,15.112300083591439,5+
0,4.086384334370357,1-5
0,4.022354417395995,0
2,14.244864628026605,5+
2,15.372345318481809,1-5
2,14.93939236315269,1-5
2,12.570551309997732,1-5
0,6.552972024501663,0
0,5.588769654216672,0
2,15.123699275075005,5+
1,9.518819049740598,5+
0,3.3283456526824384,0
2,17.195722877810866,5+
0,6.397288694773112,1-5
0,4.656693728246525,1-5
1,10.523530644185344,1-5
1,9.675286778933923,1-5
1,8.16327456112407,5+
0,4.088176631036343,0
2,15.631927966771958,1-5
0,4.045452281256556,0
0,4.281346722564964,1-5
2,15.408600442490885,0
2,15.419121502134539,5+
2,15.552258490497483,1-5
2,14.439394933603399,5+
1,8.782983850872064,1-5
1,8.21541573430003,1-5
0,5.4778155496862,1-5
1,7.394353058159675,1-5
0,5.6535903433169254,0
0,5.886349397262843,0
1,9.19781941301738,0
1,6.896862912172701,1-5
0,4.13868943803271,0
0,4.43581583871118,0
1,8.489401780071086,0
0,3.984781606191757,0
2,17.03019519886335,5+
1,10.16492716230174,1-5
1,8.5754358856219,0
1,7.902400830404568,0
2,15.172982682390229,5+
0,4.286543220649562,0
1,9.996199187363317,5+
1,8.96468328743234,5+
0,5.011499575361862,1-5
2,17.43515404006023,1-5
2,16.315501022444263,5+
1,9.451911492669227,1-5
2,15.316849528946705,5+
2,15.143326865820129,1-5
1,10.680640912452144,1-5
2,14.872686554048697,1-5
1,9.545222708999983,1-5
1,9.551197901881086,1-5
1,8.998215807188467,1-5
2,14.1275344521159,5+
0,4.822974503617668,0
2,15.438996028144617,5+
2,16.00024046943657,5+
0,3.966399693560833,0
2,16.720821298813046,1-5
0,3.6232262187881554,0
0,6.212040284017893,0
1,7.752363490171739,1-5
0,4.934770064556891,1-5
2,15.975430682526623,1-5
2,14.704442932059118,5+
1,9.924393937861012,0
0,5.779518669760159,0
0,2.2831811606459356,0
1,10.002744807490815,5+
2,13.006729179669922,5+
1,8.534335196476793,1-5
0,6.129166364900945,1-5
1,8.918217966607946,0
1,8.326120035591028,0
2,15.302062271015318,5+
0,6.567906338163552,0
2,13.668317752793975,1-5
1,8.448690088360655,1-5
2,16.997431683179627,5+
0,6.357702343537732,0
1,9.396568775709715,1-5
2,14.260947297473358,0
0,6.595843501809159,0
2,17.094442391749197,5+
1,10.178946987762233,5+
0,3.68759765106258,0
0,4.450970659161963,0
1,9.33963991895517,5+
0,4.830851304615578,0
1,10.951001438131335,0
0,5.379417041137403,1-5
1,8.42262392301524,1-5
0,5.876496450019538,1-5
2,15.813132140013156,5+
2,16.187065795858917,1-5
2,16.966540859278602,1-5
1,8.388419750486449,1-5
0,4.464174421293537,0
2,14.968545448640786,5+
0,2.932140574634544,1-5
0,4.84670997760492,1-5
0,7.011556551584423,0
1,7.659922255494247,1-5
2,15.46771938895053,5+
1,10.140542935074773,1-5
1,9.623078201656181,1-5
0,4.386871947484259,0
2,14.200783636554176,1-5
1,9.732786742940164,0
1,8.743236022984073,1-5
0,2.3100782950214467,0
2,16.69459222051373,5+
1,10.458385819842043,5+
0,4.55166097685108,0
0,4.729074688205703,1-5
1,10.574318012715562,1-5
1,9.724339656778083,0
0,5.404017554761315,1-5
2,15.20251779912615,5+
0,5.811983738573947,0
1,9.820785725932684,1-5
2,15.694051943605874,1-5
1,8.229938911287968,1-5
1,9.78695585430171,0
0,3.668045082505549,1-5
0,3.861717273471506,0
2,14.68462437168388,5+
1,8.433765068100776,1-5
2,17.62477140301696,5+
0,5.831339061988404,1-5
0,6.420367502144261,0
0,3.2771049804444363,0
1,9.571253749910893,1-5
0,3.2064923747959044,1-5
2,14.804305122802935,5+
1,8.581873016583426,5+
2,16.73958400644156,5+
0,4.10377032189824,0
2,16.568379333694015,1-5
2,16.10412088958852,5+
2,17.80363875210479,5+
2,14.020555776860276,1-5
2,16.7592332397868,5+
1,10.646440870400728,5+
0,3.5266211619729653,0
0,5.50713333647316,0
2,15.836144963026229,1-5
1,9.272523740046593,0
2,14.676064513028,5+
1,8.780890548550815,0
0,6.549812095785926,0
0,4.500682818957483,1-5
1,10.28213000153146,1-5
1,8.709100618332446,5+
0,3.720147053778361,5+
1,10.581984809249942,1-5
0,3.150423788448468,0
1,9.084786232094729,1-5
0,4.534027411072232,0
2,15.611372601840053,1-5
0,4.320906714983844,1-5
1,9.895819781095923,0
0,5.192855755817812,1-5
0,5.23463754545933,0
0,3.5141961913321733,0
1,9.215844902071202,0
1,10.694762861876939,5+
0,5.394647187573872,0
1,8.127140548518936,5+
2,15.851479900352201,1-5
2,13.52177475062519,1-5
0,4.54693490206037,0
1,11.397767016745977,1-5
0,3.5521072827310136,0
0,3.665676954508418,0
2,16.26402978157286,1-5
0,2.957198484790354,1-5
1,8.86724497011496,0
1,10.096441137581753,5+
1,8.865714152310597,0
1,9.264030012789028,1-5
0,5.244185710315034,0
0,4.921546083536561,0
1,9.766818396295402,1-5
0,4.160877720729961,0
0,4.870061115268955,0
0,4.3762673199002435,1-5
0,4.957805609925785,0
0,4.003067974882022,1-5
0,4.317431025620459,0
1,8.510042207447986,1-5
1,9.464992389993764,1-5
2,14.688999136371155,1-5
0,3.385953549838007,0
0,4.758661147855388,0
0,4.71273977585766,0
1,10.282873734948572,1-5
1,9.0688744304249,0
0,4.908052846836756,0
2,16.050797572273662,5+
0,4.944773807831595,5+
1,8.674346317197857,1-5
1,9.64936348227119,0
2,15.86414029605466,5+
1,9.507178466907941,5+
2,13.413522341628916,5+
0,4.66048962397348,0
2,17.71253103939724,5+
0,4.1399607312430176,0
2,14.771922902144679,5+
1,9.873348559711399,0
2,15.812378210466571,1-5
1,10.692735165416414,1-5
1,8.242131844091112,1-5
1,10.231380252574992,5+
1,10.090422061251463,5+
0,4.357853463059454,0
0,4.83868731792169,0
0,5.5294574815983575,1-5
0,5.37231538002845,0
2,14.35698068792627,1-5
0,5.320158186755484,0
2,15.435311394967481,5+
0,4.572874098015515,1-5
0,4.573196991001694,0
2,15.34975701120174,1-5
1,10.691707497107064,5+
1,9.416282040150788,1-5
1,8.380453871616831,1-5
1,9.106470144030272,1-5
0,4.678694716810476,1-5
2,16.72921478429705,1-5
2,16.103094684948832,1-5
1,8.649464721252956,1-5
0,6.985189916678891,0
1,9.76477531097798,1-5
0,5.775390737999015,0
0,4.348285566422771,0
0,5.03335924470545,0
1,10.339468504518404,0
2,16.718194711754258,1-5
1,10.557368305378224,5+
1,10.372197000072978,5+
1,9.184913268805891,1-5
0,3.9282539580439386,1-5
0,4.832607510324197,0
2,16.43312807234107,5+
0,4.277279299223393,0
2,16.565171965714388,5+
1,10.952616745486178,0
1,8.583679080926581,1-5
1,8.66307929620372,5+
1,9.359624941094664,1-5
2,15.807612668189197,1-5
2,14.97543298623295,1-5
1,10.852202678867144,1-5
0,4.924066861518451,0
1,9.53944704824074,1-5
2,14.064090476131472,5+
0,3.184184183572493,0
1,9.781009250281807,1-5
1,7.367404373845163,5+
1,10.512637409644071,1-5
0,4.34184615562768,0
1,12.743092969594734,1-5
2,17.80791625061611,5+
0,4.318550930752483,0
0,4.393662997468685,1-5
2,16.49558151400203,5+
0,6.203172609918038,0
2,13.861970942563984,5+
1,7.713624534645313,1-5
0,3.8779651944456184,0
2,16.082737583173863,5+
1,9.996873590507597,5+
1,10.56977145498385,0
0,3.3003024716346916,0
1,7.183856137031123,1-5
0,5.358014195302145,0
0,3.6718037270347654,0
2,13.481512135611363,1-5
0,4.645063745959382,0
1,10.293175688218678,1-5
0,4.377942867878723,0
2,15.042151613817511,5+
0,4.340637767854093,1-5
2,15.129417237599217,5+
1,8.151952888059833,1-5
0,3.7853193230095683,0
0,5.021279905013815,0
0,4.8216785413765,0
1,9.66805980596682,1-5
0,3.5048515181466207,0
2,15.318496837864332,1-5
1,7.322934953557145,0
0,4.67847666388539,0
1,10.928857707813567,0
1,8.025867867957894,5+
0,3.914072326682245,0
0,4.82910677871013,0
0,5.752842634427484,0
1,9.05177538369985,5+
1,8.807749670734104,1-5
1,7.531076857583917,1-5
2,15.603438129308106,5+
2,17.542076040143744,1-5
1,9.777358461964676,1-5
2,15.477721020816286,1-5
0,4.8220823107669855,0
0,4.488907996051398,0
0,3.6869856277398703,0
0,5.3232799156777055,0
1,9.725761523111755,1-5
2,15.517613251933657,1-5
0,3.52463397272175,0
0,5.803507931934759,0
1,10.16470274533311,5+
2,14.947079162632697,1-5
0,5.501824853681937,0
1,9.002429161614792,1-5
0,3.717996507488963,0
0,3.740296882519713,0
2,13.72893144691191,1-5
2,15.971542380418207,1-5
0,2.66885512166165,0
2,14.271556168734238,5+
1,7.424411990921467,0
2,15.413930307209107,5+
1,9.349679539728127,1-5
1,9.173303786813635,1-5
1,8.457422305329423,1-5
1,8.32776624656336,1-5
0,4.964369863546574,0
0,3.9494480682915123,1-5
0,4.8163583215361445,1-5
1,8.614751313875777,0
0,4.681062742771083,0
1,10.803278037316064,5+
2,16.086165800392784,1-5
0,4.08758618178352,0
1,9.757198970355928,1-5
1,9.259334825469788,0
2,15.507880184694729,5+
0,4.174388947851496,0
1,9.335664794114608,1-5
2,15.712093353074176,5+
2,14.50664130041805,5+
1,8.484121173010022,1-5
1,8.111457446168789,0
1,7.89972889549629,1-5
2,14.28271730777952,5+
1,9.659462506804129,1-5
0,3.607212484508116,0
2,16.013614464231097,1-5
1,9.534713748752562,1-5
1,7.531495786561946,1-5
0,5.15497558422169,0
1,10.31079864559171,1-5
0,3.5061373251651466,0
1,9.920191542894992,1-5
0,3.643501762590801,0
1,9.597670376748335,1-5
2,14.235501593045035,5+
0,2.706893547465423,1-5
2,15.117182810387032,5+
1,9.376271053725164,5+
2,15.102320306385396,0
2,14.31596944177744,5+
1,9.100100937868863,1-5
1,9.769294752580734,5+
2,15.455106969877463,1-5
1,9.682501030599214,5+
0,3.829884799545767,0
1,10.67171791471616,1-5
2,14.32382666344522,1-5
2,15.987560297086718,1-5
2,16.68189109295996,5+
1,9.980908092748896,0
2,15.29747577293517,5+
0,3.971702953337021,0
1,10.536087651046255,1-5
0,3.077025074738327,0
0,3.5298757396203566,0
0,4.1024422345082785,0
0,5.737653757511998,0
1,9.879767636040896,0
0,3.5319542414897547,0
1,9.189692294615096,1-5
0,3.8856768559037054,0
0,3.790211007766465,1-5
0,5.478889558556779,0
0,3.1282568707364944,0
1,11.108780855734373,1-5
1,10.328229690184623,0
1,10.590861670603697,1-5
1,9.037060487974742,5+
0,4.350059280920891,1-5
2,14.066848185475289,1-5
1,8.975337592933197,1-5
1,9.993654847643151,5+
0,5.796063061781396,0
0,3.3928431831975483,0
0,4.134494063014734,0
0,4.348700779767477,0
1,8.104210797807514,5+
1,10.091349241758401,1-5
1,8.776009668257391,0
2,15.304609648822977,1-5
2,15.048050628088122,5+
1,8.710661494280325,5+
2,15.492955014519445,5+
0,4.2843904214319775,0
0,4.128142117721334,0
0,3.771538378319657,1-5
1,9.819524670782956,1-5
2,17.153617268492283,1-5
0,4.639887232839127,1-5
2,16.496118214911128,1-5
0,3.1097780748465373,0
2,15.65776143929377,1-5
0,3.402631681028933,0
0,3.0230750724680986,0
1,8.760628592540964,1-5
0,5.691899334413573,0
0,5.450015828669645,0
0,4.743004722054399,0
2,13.96729944011007,0
1,9.303719348612063,1-5
0,4.801700008901736,0
1,9.675536229578597,1-5
1,7.656206416519254,5+
0,3.6096821519801283,1-5
1,9.435922235851283,5+
0,5.03629090951719,0
0,2.3038721789000536,0
1,9.337876024520142,1-5
0,4.643048769878952,0
1,10.349611988516212,1-5
1,10.192857584237437,0
0,5.082571318808805,1-5
1,8.700059493298065,0
0,2.5919978628766924,1-5
2,15.106947242938599,5+
1,10.50163182520856,1-5
2,16.893454527524433,5+
1,10.210549102297785,1-5
0,4.929340822801734,1-5
1,9.879639648385966,1-5
2,14.94388125323922,5+
1,9.36993970644638,1-5
2,17.16906952582633,5+
2,14.557441994208123,5+
0,6.114778790709852,0
0,4.177971845507941,1-5
1,10.825432109095079,5+
1,8.093184990502461,1-5
2,16.08590420116465,1-5
2,14.763229864052377,5+
0,3.0847328080758123,5+
0,4.718534042410946,1-5
2,16.50947178859597,5+
0,3.655058561406504,0
2,14.0009840395416,5+
1,9.408155235665046,1-5
1,9.41256467122282,5+
0,5.048319627554498,0
1,10.449594571364488,5+
1,9.440584818727507,1-5
1,11.355503314794262,0
0,4.724234744535292,0
1,9.1535734939931,1-5
2,13.888432640897172,5+
0,4.237340479683832,0
0,4.163613054588864,0
0,5.46030479628147,1-5
1,9.962483624066854,0
1,8.320630878367382,1-5
1,9.672254386411037,1-5
0,5.171531171729053,0
0,6.028031359387833,1-5
1,10.387503967414059,1-5
1,10.260846654311479,1-5
2,15.560085994615164,5+
0,4.888312005423449,0
1,10.749504900706158,0
1,8.16722260252035,1-5
1,9.150560672783044,1-5
1,8.72743125124376,1-5
1,9.879153118726125,1-5
2,16.730222175650788,1-5
0,3.903025713278926,0
0,2.109695632530562,0
1,9.08777925497553,1-5
1,10.413473732017406,1-5
0,5.037629902949879,0
0,4.928186247810576,0
0,4.220006698125521,0
2,14.220969263780214,5+
0,5.015294321624467,0
0,3.665718189965375,0
0,6.684096733380456,5+
0,5.070507208354516,0
0,3.919351697446049,0
1,8.888614752611371,0
0,4.407055793386411,0
2,15.26049807797825,1-5
0,5.616833775529955,5+
1,9.686416169744046,1-5
2,14.768368261091473,5+
1,11.390440685155783,1-5
1,9.549308331520223,1-5
0,5.268839675968897,0
0,3.8917734925552407,1-5
1,9.863115627744524,5+
2,15.811109991143196,5+
1,7.610350707903847,5+
1,11.51527511046064,1-5
1,10.790644460922547,1-5
1,9.102804683854012,1-5
0,3.3977302595441445,0
1,9.847561613803553,0
2,15.586697699414396,1-5
0,4.855668948563229,0
1,9.69157739619409,1-5
0,5.006240989305926,0
1,10.947305699391807,5+
0,5.068103205128646,0
1,8.45034450109006,1-5
2,16.86256285271245,1-5
0,6.140614563488287,0
1,12.652056734512085,1-5
2,14.376505966760401,5+
2,15.742882013150275,5+
0,2.4179012968110127,0
0,5.0531491563792095,0
0,3.9517997018332274,0
2,17.423445794824953,1-5
2,14.725385029981418,0
1,7.810816962032739,0
2,15.02873625929748,1-5
1,7.5245122287828625,0
1,10.25109945450731,5+
0,2.4349169537436794,0
2,15.528457581183158,1-5
0,2.422188180143803,0
2,15.179702195463358,5+
2,17.143378155804534,1-5
1,9.860647891435795,5+
0,3.636506395035066,5+
0,4.4687965110609165,0
0,4.518016872044447,0
0,4.972630345843406,0
0,3.1331416367191736,0
2,16.09256727384733,5+
1,6.795608368397225,1-5
0,3.8701154476361896,0
0,4.0117261575484555,0
1,10.133326826071238,1-5
1,9.522630852676869,0
1,8.094436946143713,1-5
2,14.515006874182985,5+
1,9.698680009547408,5+
2,15.420932658135444,1-5
2,14.920875890364254,5+
0,4.019166210488021,0
2,16.19616799715929,1-5
0,3.9823074271307854,0
2,15.411908755970927,5+
0,6.669936588080542,1-5
2,14.076317363116077,1-5
2,13.648157268425342,5+
2,16.28358966479861,1-5
2,14.821356938705897,5+
0,4.18176247225738,0
0,3.718843621868886,5+
1,9.240199859232488,5+
0,6.098538112096342,0
1,10.30212845861812,5+
0,5.362223511886977,5+
2,14.083772944207354,1-5
1,8.34884626344713,1-5
2,12.660921340514573,5+
0,3.6906191789172462,0
2,16.45670318638566,0
2,16.01694651574837,1-5
1,9.278486737047876,1-5
1,9.477699716281947,1-5
2,14.811114457424594,1-5
0,4.7047588824017845,1-5
1,10.265878279480615,1-5
0,2.8841132125895275,0
0,4.799647687837348,0
0,5.432434870954667,0
0,4.0848997110366305,5+
0,5.200700612120584,0
0,7.314654444472553,0
2,15.395657207013109,5+
1,9.893307050005324,5+
2,14.761942916338608,5+
1,9.68125116260205,1-5
0,4.960271624982304,0
1,9.694842340270139,1-5
1,8.480304680291143,1-5
0,4.706361771325451,0
1,10.962195938717636,5+
0,4.948635764514528,0
1,10.461987189071841,1-5
1,9.262988029987373,5+
0,5.24990023942371,0
0,4.779267838216526,5+
2,14.549089270312768,5+
1,9.818521004798875,1-5
0,3.5083033365596896,0
2,14.867119725115208,1-5
0,4.689328307292374,0
1,9.797244273380125,1-5
2,14.31076753492287,1-5
0,5.553985771182877,5+
0,5.0720062783004725,0
0,3.7952715643891164,1-5
0,2.9624152035508247,0
0,4.355095420918569,0
1,9.05405628613884,5+
0,4.613140457053023,0
1,9.136883338844434,0
2,13.492543139254991,5+
2,15.111653061698842,5+
1,9.194380888931686,1-5
0,5.133661024774058,0
1,8.80180032538895,1-5
1,11.178674673372566,5+
1,7.588359449348243,5+
0,5.811167497802624,0
2,15.275681029121895,5+
1,10.359584872343556,1-5
0,4.579801484058733,0
0,5.639555536025469,0
1,9.112638035447189,1-5
2,14.401379574822188,5+
1,10.920504287271063,0
2,15.386519354117858,5+
0,4.721558473624211,1-5
1,10.734751914044795,1-5
1,8.468044757905565,1-5
0,5.095490897639257,1-5
0,3.9101052435371093,0
2,15.367830644355628,5+
0,4.572278965384289,1-5
1,7.999778138553064,1-5
0,3.7211629571795655,0
0,5.851072892413139,0
0,5.386191188584796,1-5
2,15.437360422672764,5+
2,15.743123458512892,5+
2,15.205757494363542,5+
1,10.856583385827982,1-5
0,4.299647422205836,1-5
1,9.731842092134848,1-5
1,10.646030144142065,1-5
2,14.722628515154094,5+
0,6.058789184496894,1-5
1,7.969538590256623,1-5
0,6.129642131112798,0
0,4.127324416048025,0
1,9.257301252174718,5+
1,7.609989828817057,0
0,4.045205282622307,0
0,3.4601934689731157,0
1,8.892353654626527,1-5
2,15.36268903421112,5+
2,16.457791614472907,1-5
2,15.707603351400627,5+
2,15.807676653401113,5+
0,3.4044806111544377,1-5
1,8.61924591039727,0
1,11.298725018351313,5+
0,3.7647989652367535,0
2,17.156208252057297,5+
0,4.256938801119134,0
2,15.502287936143505,5+
1,10.57036516022993,5+
1,10.771892421938656,5+
1,9.389187439720912,1-5
2,15.111756946478462,1-5
1,9.444079551477786,1-5
1,9.837957528232119,1-5
0,5.3913036868697555,0
1,9.504229858994151,1-5
0,5.1188862980231535,1-5
1,11.13835973227094,0
1,9.881309612264785,1-5
1,9.811652856004779,0
0,2.981089174909932,0
0,1.8692698631709366,0
1,9.888375729230168,1-5
0,4.405175768719128,1-5
0,3.985217325085258,1-5
0,4.743530204186345,0
2,15.439596270803092,5+
1,10.627780250633899,1-5
0,4.586110868258978,1-5
0,3.7530767149298323,1-5
0,5.490166238959289,0
2,15.282868925053798,5+
1,10.026536683672306,5+
0,4.0225892938072,0
0,3.8501731145025637,0
0,4.584168230185696,1-5
1,9.512828643543685,1-5
2,15.979827035366833,5+
0,4.231354246690257,0
0,2.6636402162296027,0
0,4.067226116411612,0
2,16.293818467143815,5+
0,4.202623920756894,0
2,15.253616597485452,5+
1,10.486376505905938,5+
0,3.7880267727410772,0
0,2.9571967817571005,0
0,4.339368880474506,0
1,9.015826048751263,1-5
2,14.533753680246747,1-5
1,9.324621544101309,1-5
1,9.991505647246784,5+
0,4.490711438432184,0
2,15.806981072686238,5+
2,17.313407698515423,5+
0,4.157121138442436,0
2,15.77834863464467,1-5
1,8.990786637400866,5+
1,8.653640280113027,5+
1,8.915092346582231,0
2,15.021241428478312,0
1,9.859475797547125,0
0,6.849075786700757,5+
0,3.7839565637241597,0
2,15.083374694384538,5+
0,4.436876986888752,1-5
0,4.895798848709747,0
1,9.763550811954785,1-5
1,10.784095793948117,1-5
1,7.073607929464792,5+
2,13.113070129804328,1-5
0,4.0041218279898505,0
0,5.597300187543709,0
0,2.9343519683944037,0
2,12.492367660306243,0
1,10.071179406219208,1-5
0,4.743657223702715,0
2,14.40979159320057,5+
2,14.51446039927907,5+
2,14.530256280365325,5+
2,15.610535317473941,5+
0,3.873684723816993,0
2,15.99406391897552,5+
1,6.645373337095609,1-5
2,14.6431481348722,1-5
1,8.373946039088949,1-5
2,15.243659321627508,5+
1,8.961952241509861,1-5
0,5.297843779895767,0
1,7.6406632283399425,0
2,15.545491476330753,5+
2,16.058336423211706,1-5
0,6.356647436561955,0
0,4.018234028906525,0
0,4.824458604352517,0
1,7.696137207437635,1-5
2,13.108043795686976,1-5
0,5.3447743757817,0
1,9.49443970635193,1-5
2,16.678512689798424,1-5
1,8.12659711103025,0
1,10.019902139528753,5+
1,11.368817840543853,1-5
1,9.919705608357265,1-5
0,4.776581505591048,0
1,9.50855608082435,1-5
1,7.929118542874088,1-5
2,16.85557293571035,5+
1,8.889142360194935,1-5
2,16.00448325638302,1-5
0,2.9369656934287462,0
1,8.32054033549222,5+
0,5.935087399222235,1-5
0,4.1526977110421575,0
1,10.953275476042545,1-5
2,15.421769340941482,1-5
0,2.658102227042143,0
1,10.392067599731721,1-5
2,14.910107682244393,1-5
0,5.198688813517044,1-5
1,9.525210867540082,1-5
1,7.956881772057129,0
1,9.664294765370569,0
0,6.6962231421528,1-5
0,4.992986458514459,0
2,15.442482246994537,5+
1,10.575343401956898,1-5
0,4.710668465203111,0
2,15.709534230262795,1-5
0,3.4083748278408974,0
1,9.733848025789598,1-5
0,5.535443416416944,0
2,14.663937847899975,5+
0,5.924495821246948,0
0,4.408293975854874,0
0,3.612230488461459,0
0,5.497632076920245,0
2,15.213205764261732,5+
2,16.25951488748611,5+
0,4.208241367741463,0
1,9.440173856470096,1-5
1,9.993560204334292,1-5
2,15.790897057590007,5+
1,7.5044682195482615,5+
0,3.3787562599056082,0
1,10.429409984790816,1-5
1,9.367863411098453,1-5
0,3.976268697228578,0
1,8.141425984742526,1-5
0,3.420263678724152,0
2,13.478201360038053,1-5
0,4.398719281298467,1-5
1,8.901562419418953,5+
1,8.533412109014685,1-5
1,9.431876574832048,1-5
0,4.863970630852738,0
1,11.593197932209945,5+
1,7.988116580436786,5+
1,10.659381043300522,1-5
1,10.473101561015072,1-5
1,8.7209072606233,5+
2,15.703235954586031,5+
0,4.042366750662385,0
2,15.68568858041874,5+
1,11.00913101340455,1-5
0,5.105606232631313,0
0,5.008608373233442,1-5
0,4.069690680045357,1-5
2,14.015943335075665,5+
1,9.291531789459592,1-5
2,16.706608154863915,1-5
1,7.972832143410352,1-5
1,8.444910631823305,0
0,4.626267736234068,1-5
0,3.5153452151527373,0
1,8.707476552884787,1-5
0,4.076401418271823,0
0,3.134382595809851,5+
1,8.525878153783632,1-5
1,10.203427916787309,0
2,14.192630217769036,1-5
2,13.902127865505163,5+
1,8.869975020466105,1-5
1,10.231955502509846,1-5
1,9.30307819200311,1-5
2,15.035418921884382,1-5
0,4.544358797515607,0
1,7.754292567140348,1-5
2,15.994705653775032,1-5
0,4.8834350314036445,0
1,9.090691525904278,0
1,10.505924511796417,0
0,3.3725039010469615,0
0,5.627908993253569,0
0,4.654493665595251,0
0,4.163447410121827,0
0,4.480126364631689,5+
2,15.392735234189058,5+
0,5.720282896417717,0
1,8.423320872528986,1-5
0,3.7374807608534018,0
2,16.53630289207248,5+
0,3.904465064816141,0
1,10.400533077331591,1-5
2,17.19943598300871,5+
2,15.098204973058367,5+
0,5.1813623265753055,0
2,14.346307718660142,5+
1,10.254733298067809,1-5
1,9.699423985986767,0
0,4.973038282160215,0
0,3.854427927964605,0
1,7.838916584432828,1-5
1,10.003252064749505,1-5
1,7.436596847520546,1-5
1,9.182649507757466,1-5
2,16.44118186641997,5+
0,4.691897735873036,0
1,11.448342644789813,5+
0,5.5251091525817735,0
2,14.846101611674424,5+
1,9.527313379851439,1-5
2,15.452629297455564,1-5
0,2.9178232366538728,1-5
0,3.5596010835156466,0
0,3.9392390930201397,0
0,2.4637794971440634,0
0,4.547493468251643,0
2,15.250928155346958,5+
0,2.827106098688426,1-5
0,4.904212865277332,0
2,16.21587274469096,5+
1,9.727034478864889,5+
2,15.17593182479103,1-5
0,5.091442151751854,0
1,10.18022036047669,1-5
0,4.807403569719688,0
0,3.675387749565239,0
2,15.77660076551118,1-5
0,5.695480650825479,0
1,8.90337094138827,0
1,11.59793933913243,1-5
0,3.9743690660146154,1-5
2,15.532407013340137,1-5
0,3.8275144039936637,0
1,9.72327083592026,5+
2,13.757778307364724,5+
1,8.953958201183278,5+
2,14.407878799651433,5+
0,4.635338347892291,1-5
1,10.494447375508907,0
0,5.146006187114551,0
1,7.128340639141108,1-5
2,17.54206965292788,5+
0,4.795279940620868,1-5
1,8.723500859507,1-5
0,4.657127918990941,0
1,9.676189822502693,1-5
1,8.833151283048437,1-5
2,15.697916667342076,1-5
1,8.892527712379692,1-5
0,4.095638007309978,0
0,3.8137208642449156,0
0,3.0673287102603473,5+
0,4.645836470215384,0
0,5.085299436516338,0
2,16.014883596076373,5+
1,10.319925252635235,1-5
1,9.824340210014869,1-5
0,3.9672745017830966,0
2,16.339663864431188,1-5
1,8.142482460158066,1-5
0,3.5993286174875196,0
1,8.535799928576756,1-5
1,10.58005605913931,1-5
0,5.442788514140076,0
1,9.987305237044994,5+
1,10.571929865211796,0
0,3.620717217588012,0
2,15.848595119860981,5+
2,15.374825571616835,5+
1,10.346882103884914,0
1,9.384775767447803,1-5
1,9.11505711158992,5+
1,10.04090851856099,1-5
1,10.376169167191232,5+
0,3.8316548051531982,0
1,9.438924328647625,1-5
2,14.441559366358348,5+
1,7.001938982507061,1-5
0,4.700459631413729,0
2,16.10890535625463,0
0,4.7620668090867255,1-5
0,2.550438282245633,0
0,4.149150569923526,0
0,2.2816522399489187,0
2,16.869701107654183,5+
1,8.413945417881914,0
0,5.755403609459896,0
2,16.445869643684144,1-5
2,14.599409647463938,5+
2,14.367215048732255,5+
0,4.850370216386338,0
1,8.655675962816929,5+
2,15.602484642158208,5+
2,15.017172409193082,5+
0,2.7188415855343666,0
0,2.269531980875541,0
1,9.726684248494598,1-5
2,14.938442253669376,5+
1,8.946910183085867,1-5
1,10.195863839093786,1-5
0,5.673442276632445,1-5
1,9.22745527863819,0
2,15.159401293090138,5+
0,5.000143033113884,0
2,14.143064430300425,5+
2,15.723153054747698,1-5
0,5.051885971822154,0
1,10.18023020841763,1-5
0,2.563247297497535,0
2,14.738644730191059,1-5
1,8.621736747176534,1-5
1,9.599886954409213,1-5
2,15.980744579767984,0
0,5.996710407445981,0
2,15.005034519631927,5+
1,9.002427501690786,1-5
0,5.649672018878747,1-5
1,9.796576938530306,1-5
2,16.767651511187974,1-5
0,4.788728003009837,0
2,14.342883381286729,1-5
2,14.166871645222194,5+
0,2.948487750941071,5+
2,16.162051834758472,5+
0,5.688596823087008,0
0,6.349362141386381,0
0,5.3431053323232405,0
2,16.662838577534984,5+
1,8.919983667346315,0
0,3.3435841832561435,1-5
1,10.350079332417554,1-5
1,9.9176807522394,5+
0,4.607444374340893,1-5
2,15.88737148063299,5+
2,15.823185482458205,5+
1,10.78381685985356,1-5
2,16.794985584816956,5+
1,10.044220352340346,1-5
2,16.345802872562928,5+
1,10.014062552424775,5+
1,9.03883026796538,1-5
0,5.25656467491314,1-5
2,14.105504931140738,5+
1,10.553891552295884,1-5
0,3.305477060233965,0
0,4.785803286794733,0
1,8.65484604157384,1-5
1,10.053388983074427,5+
1,9.46607477407209,1-5
2,13.905244041836667,5+
0,4.920699631018479,0
1,8.92207922316729,0
0,5.381146720813369,0
2,15.501325688734408,5+
2,15.895420985388037,1-5
1,8.542431044984788,1-5
1,8.910667768572639,1-5
0,4.041361363898916,0
1,10.356702480242555,0
2,17.17737708780549,5+
1,8.694828248257124,1-5
0,5.5768481446576805,0
1,7.330322582274298,0
2,14.30581059890771,5+
0,3.5412215438132253,0
0,3.1474913105592774,0
1,7.91641161021242,0
2,15.912998912137798,5+
0,4.285932302272139,0
0,4.87940539760511,0
0,5.190472686121513,0
0,4.765616993172533,0
1,10.157763176150373,5+
1,9.43046771375773,5+
1,8.313006611694256,1-5
1,10.557814180820795,5+
0,3.910887867218873,1-5
2,14.564403701237573,5+
1,9.322082124195601,1-5
2,14.587189080703487,5+
1,9.082569618010568,1-5
0,4.844053921563466,1-5
1,9.848341739246127,0
0,3.6021699335743707,0
1,9.012294627051256,1-5
0,5.574333004770244,0
0,4.996400117733941,0
2,17.57506503934854,5+
0,5.680128173741528,0
2,16.64429306855994,5+
0,3.112131449544198,0
1,10.263860351633422,1-5
1,9.446893198303089,1-5
1,8.94901819646175,0
0,4.668015340532529,0
0,5.4452115346114836,0
0,5.000831591004212,0
0,3.62152619865794,1-5
1,10.242458913592621,1-5
2,14.862412457924036,1-5
2,15.716683118964287,1-5
2,15.196649932522865,5+
2,15.281133748264374,1-5
1,10.266242975040509,0
0,3.459806280184102,0
2,17.44519507427693,5+
1,7.678913930705503,1-5
1,8.902332316745143,1-5
0,4.870211889941741,0
1,10.084314166435309,1-5
1,9.399524279428295,1-5
2,15.442609296998457,5+
1,9.910550085327616,1-5
0,4.26893052254232,0
2,16.893181257934906,0
0,5.339349114231602,0
1,10.372824351005635,1-5
0,3.533843276629583,1-5
1,9.420611575594297,5+
2,15.199534051279297,5+
0,3.4943986243105343,0
2,15.860164183945766,1-5
0,3.9623542422201834,0
2,16.155403829850236,5+
2,14.429808437105669,1-5
2,17.21904061284182,5+
0,3.603667341407938,0
2,15.719302337200435,5+
1,10.291859310388068,0
0,3.929359569799887,1-5
2,16.35246864343295,5+
0,3.270816402199584,0
2,16.952117699182562,5+
0,4.514149264965758,0
1,8.90358859203112,1-5
1,9.200818227572565,1-5
0,5.308919269392719,0
0,3.915544708149562,0
0,3.7506423105772226,0
1,9.278463402416262,1-5
0,3.323037887230032,0
1,11.320543907941815,1-5
0,3.9336054087852768,0
0,5.331616786180404,0
1,9.709470083647773,1-5
0,3.515465949518032,0
2,15.494045290787271,1-5
2,16.284002779310747,5+
1,9.311738664913694,0
1,10.693112945851027,1-5
2,16.521515392781865,1-5
0,5.418914854658329,1-5
0,4.0403432277270035,0
0,3.4201575522185133,0
2,14.886412394637205,5+
0,4.69624094066672,0
1,10.045786713532355,1-5
2,13.328428595239552,1-5
2,15.491886798388249,5+
1,9.658089225323184,1-5
0,4.222455743684448,0
2,16.79127383901588,5+
1,9.92178007425087,1-5
0,5.810191908080897,1-5
0,4.284039479649768,0
2,16.437477492506925,5+
1,11.13506639452752,0
2,16.81169344927266,5+
2,14.407858406571266,5+
1,9.24632392245762,1-5
1,9.154835294550203,0
1,9.989254535076327,1-5
0,5.186353555014533,5+
1,8.661107325974264,1-5
2,15.567838513916938,5+
1,7.480072667843864,0
2,16.94194500580189,1-5
1,8.987625759323306,1-5
1,9.555863939844498,5+
1,9.190350286011938,1-5
1,10.646027575013415,5+
1,6.6624935586026215,1-5
0,4.483389657674091,0
1,9.394181242502302,1-5
0,4.046363612408317,0
0,6.226226545635632,5+
1,8.61267054114423,5+
1,10.271796177235661,1-5
2,15.856252788706083,1-5
1,10.761519252535516,1-5
1,8.832810915222495,5+
1,8.767031100876242,5+
1,10.596069907477398,1-5
0,4.92532130833011,0
0,2.9550626533232416,0
0,3.9606949855367297,0
1,9.886382653848061,1-5
0,5.337764221546589,0
0,3.8207693468070447,0
0,1.5857440101830589,0
2,16.023223185737034,5+
0,3.279679310056024,1-5
1,7.482661201877589,1-5
0,1.6676740750158592,0
1,10.313980860197741,1-5
0,4.628617450404967,1-5
0,4.274343619287748,1-5
1,10.889024362962761,1-5
0,5.137324683023072,1-5
0,6.1163000427219165,0
0,3.1072645278330038,0
0,4.4654493760460365,0
0,2.8832866250519857,0
0,4.270617668144533,1-5
2,15.251384146233322,1-5
1,10.126613637263072,0
1,9.545563881141899,1-5
0,5.123407138279916,5+
2,16.203440133138894,1-5
0,6.6549286773831415,0
0,4.184703344713876,0
1,8.558977299333622,0
0,4.746083615316409,0
0,3.6977199728604564,1-5
1,10.981960768436537,1-5
2,15.216781961054767,5+
1,8.934423632126009,1-5
1,9.028684278848882,0
2,16.218417423471642,5+
0,4.342253016768515,0
0,3.858333179869618,0
0,6.165351917623531,1-5
1,8.64383015933825,1-5
1,9.535566074032994,1-5
2,16.15230615161023,1-5
1,7.868664889582927,1-5
1,9.980260501405924,0
0,3.4448923245195506,1-5
2,16.322782780834004,1-5
2,14.537348988081023,5+
2,16.19276903184886,5+
0,5.6058330662947125,0
1,10.361436525632804,1-5
0,4.751316648238102,0
0,4.2686990570703,0
0,3.923580423665156,0
1,10.971034690817104,1-5
1,8.800504779832357,5+
0,3.462933926430004,1-5
0,5.16536893503283,1-5
1,8.703863196813504,5+
0,3.549936502533873,0
0,3.0563957378302353,0
1,9.017090160539482,5+
2,15.417284976103506,1-5
0,4.7430917276606985,5+
0,5.4513062442994835,0
0,5.026897923665794,0
2,15.30912778044682,5+
1,9.30180432362028,5+
1,10.010157468915184,1-5
0,5.772570162928569,1-5
1,9.6263141994832,1-5
0,4.030869145789591,0
1,8.507133998914455,1-5
2,14.054794735587775,5+
1,10.166269672043523,1-5
2,16.07797852363956,1-5
1,10.077363525106662,1-5
0,4.371340553647944,0
2,16.90693474589175,5+
0,4.015881505415182,0
1,10.455269237207206,5+
0,4.461257105010457,0
0,3.8916492353206626,1-5
1,10.09253030731776,1-5
0,4.909636118683994,0
1,9.856972759266926,1-5
1,9.581278422056199,1-5
0,4.462106918283169,0
0,6.8883719928704386,0
1,10.684256645196173,1-5
0,5.222826894985512,0
1,9.611799158203388,1-5
1,10.50715720059667,0
2,16.01799477639145,1-5
1,9.526204752774035,5+
1,9.196435674734085,1-5
1,9.419082662337312,1-5
0,1.3295742641219443,0
0,4.7106008392976415,1-5
2,15.01152391988964,5+
1,11.092669998282885,1-5
2,15.519344070811755,1-5
2,14.311036580465037,5+
2,15.450119845871882,5+
2,14.453878914937496,5+
1,9.973407415712467,0
0,4.790947364339486,0
1,10.457839631108268,1-5
0,3.7091182083054344,0
1,9.534008096228147,5+
1,8.134978204573365,0
1,10.201494781924714,0
0,5.018871180440122,0
0,4.995805021027571,0
1,9.501619031356942,1-5
0,4.914772890788791,1-5
2,17.104339108308597,5+
0,4.214905742957986,0
0,4.638645183710085,0
0,3.4138737008185904,0
1,8.631739038401667,0
1,9.597813293093308,1-5
0,5.603933546701907,1-5
0,4.243719175748428,1-5
1,9.264083470687876,1-5
0,4.093114755495625,0
1,8.965243329155676,5+
1,9.794971455708822,5+
0,3.0027423548213554,1-5
0,5.780939576666728,0
2,14.83457770187054,5+
1,10.22190348543814,5+
1,8.230001402606124,5+
0,5.168840130546219,0
1,10.171944607814497,1-5
0,4.8842020720058965,5+
1,8.505571478200208,1-5
2,15.749548189598077,5+
0,3.3169438152656108,1-5
0,4.247236744903814,0
0,5.529413100955326,0
0,5.2967019270707425,0
0,4.5151829425404335,1-5
0,3.525193424077158,0
2,16.145587712174194,5+
1,9.519381237698026,1-5
0,2.1796844017695767,1-5
2,16.28262982631652,5+
0,4.475767166130308,1-5
2,16.70245124798307,5+
0,3.4047294811571955,0
2,12.323296186803999,5+
1,9.779083858345185,0
2,15.791563676681973,1-5
2,13.809328372393548,5+
0,3.5215004541333936,1-5
2,18.255217743719903,5+
0,4.194389385846197,0
0,5.2309589763762165,0
0,3.8493401726316163,0
1,7.409697101146843,1-5
0,4.329741753204095,0
1,9.234395439713895,5+
1,9.100121761331629,5+
2,15.385359164493607,5+
2,15.764268271645637,5+
1,9.349883048746193,1-5
0,3.2359938320526362,1-5
0,4.986184791561939,0
0,2.5506282446775765,0
0,2.4496425427157997,1-5
0,5.239180494701568,0
0,5.007020272135357,1-5
2,15.442604634925964,1-5
1,8.104551495244928,0
0,3.7920890593259244,0
1,9.237253252313495,1-5
0,2.9041060314258864,0
1,8.760971341976767,1-5
1,10.15233033817668,1-5
1,10.927305364289216,1-5
1,9.080565247341449,1-5
2,16.256488354316097,5+
2,13.585939929412532,5+
1,10.159451241113612,1-5
1,8.696051585272519,1-5
1,9.80734561670797,0
0,4.252247581760291,0
0,5.820414009783834,0
0,3.6255643516600817,0
1,10.127606297561831,1-5
1,9.220492536703466,1-5
0,4.341694521990336,1-5
2,15.31614610684079,1-5
2,14.654326895505887,1-5
1,9.48590103409333,0
1,9.43735177787818,1-5
2,15.74124024840673,1-5
0,4.584505145692862,0
2,16.297994549612238,5+
0,5.423508616047369,0
2,14.449376678172198,5+
0,5.368772500590771,1-5
2,14.313663572890146,0
2,16.087855888137735,1-5
0,5.119738784702869,0
1,7.588683108337496,0
2,15.59297924652941,1-5
1,9.031503886639685,1-5
2,14.741234742064625,5+
1,10.850852330699006,1-5
0,3.846320859362581,0
0,3.69362307088195,1-5
0,4.575694940005094,0
2,16.185589746298415,1-5
0,4.358351413989873,0
1,10.666370545669253,0
1,10.03097566196409,0
1,7.32178868026857,1-5
2,14.970533036492991,5+
2,14.938157900648301,5+
1,9.979360953429422,0
2,12.875182943625887,5+
2,18.049009708717723,5+
1,10.03102609489421,1-5
2,15.648876803917691,5+
0,5.6815677164191465,0
0,6.843654052812624,0
2,16.370746644588404,5+
1,10.44881309647162,1-5
2,15.630690024464382,5+
2,15.358474246633051,5+
0,4.024204555995099,1-5
2,14.673888008285457,5+
1,8.812985900300502,5+
1,8.149444035657016,5+
1,9.424128549314977,5+
2,13.815332422773613,1-5
0,4.69091652414371,0
1,9.463669391957659,1-5
1,9.646935298386687,5+
1,8.977868429980008,1-5
1,12.576860370180503,1-5
0,5.860115900180313,0
0,3.255457499915277,0
0,4.7328680874268985,1-5
2,14.891993857062676,1-5
0,3.485520273292586,0
0,3.159927928876065,0
2,15.932216690759255,1-5
0,3.818619764930426,1-5
2,16.467826024025204,1-5
1,10.49378221453044,1-5
2,16.87391438521145,1-5
0,3.647613233925896,1-5
0,4.97536561069201,0
1,10.132454216642302,1-5
2,15.025821824896035,5+
1,8.728228042607125,1-5
0,6.109520665775973,1-5
2,15.727495875732053,5+
2,16.13596775071174,5+
1,8.677923988172072,0
2,14.280715533477807,5+
2,14.93055022550789,5+
1,9.375978612610004,1-5
0,3.435779993182651,0
1,9.490155191349617,5+
0,2.8114948119315,0
1,8.379952577530128,1-5
1,10.170911248276875,1-5
0,5.103790520277894,1-5
0,4.108123234613133,0
0,3.482235690923047,0
2,14.47259644847399,5+
2,15.126731754058685,5+
0,5.144518491645291,0
2,16.428245691344326,5+
1,9.00346826451803,1-5
0,3.346507574015216,0
0,4.767843637866333,1-5
1,8.67646502937415,1-5
2,14.981747361138797,1-5
1,10.825276090437038,5+
0,5.327115428565768,1-5
0,4.657974312251452,1-5
1,8.228080998887277,1-5
0,4.711396567470659,1-5
0,5.562657290787526,0
0,4.124366334234464,0
2,16.851114089986716,5+
2,16.79274528951821,1-5
1,11.163732832143474,0
2,15.805243126531353,5+
0,5.0873916998060125,1-5
1,10.91418728833109,0
0,4.947393937068975,1-5
1,8.998765892209788,1-5
2,15.051457163472138,5+
1,9.73855495377374,5+
0,3.2094385780537813,0
1,9.356741084635807,0
0,5.596547118230253,0
2,13.308746148834718,5+
1,11.034482101794515,1-5
1,10.62237421870316,5+
1,9.040235384169524,1-5
1,10.043390827871809,1-5
0,4.5031477269063265,1-5
1,10.729990368438683,0
0,5.482683142769941,0
1,8.09992927681699,5+
2,16.087262413464178,1-5
2,15.294372146356752,1-5
1,9.5828325705181,1-5
1,8.771828099030184,1-5
0,6.248137069120835,1-5
2,16.540061819902576,1-5
0,3.7602288360270326,0
1,8.165389393089768,1-5
0,4.114327369022152,0
0,4.934502646091306,0
1,9.740205843946223,1-5
0,5.753132824768244,1-5
1,10.289919722180851,5+
0,5.469569025752907,0
0,4.826855400610437,0
1,8.11070126978901,1-5
0,4.304301468853098,1-5
0,5.5600897399086655,5+
1,9.448477071475354,1-5
0,5.003090368623747,1-5
2,15.181251684753867,1-5
0,3.4701881514581547,0
0,4.37665593595389,0
1,9.809047443032654,1-5
0,3.8443122805385563,0
0,4.2642887551433315,0
0,3.5605367580140173,0
0,5.619244917564096,0
2,15.205544242411966,5+
0,5.952755545126183,0
2,17.02874785054091,1-5
2,15.418954035278256,5+
1,8.49155126745265,1-5
2,13.414102122266662,5+
0,3.0279629269732085,0
2,14.12616517510134,5+
0,5.878469627461505,0
1,9.615824587226946,1-5
1,9.889604524091988,1-5
0,2.279578991064874,0
1,8.302033570782738,1-5
1,10.387079776446287,0
0,4.786774112382586,0
0,4.352794721314403,0
1,10.064842358600123,1-5
1,11.135797806135814,1-5
2,15.278957536462949,5+
2,15.56936980265807,5+
2,15.692596918731304,5+
1,11.892109635273993,1-5
0,2.4006437355809744,1-5
0,5.183223014788808,1-5
2,15.385197751240936,1-5
1,10.066771726184179,5+
0,3.8426274460052756,0
0,4.45103496914155,1-5
2,16.211410579465497,5+
1,12.61291020104384,0
1,10.308036189402072,1-5
1,8.651934401969491,1-5
0,4.076240317977296,0
0,4.046585891616146,0
0,2.7043568273699847,1-5
0,4.169909808298563,0
2,16.232829081821745,0
1,8.225767880923204,1-5
2,16.54848265105059,1-5
2,15.987774821084338,1-5
0,3.765766678028962,0
1,9.358470362662153,1-5
1,11.098321807641033,1-5
2,16.233547813505865,0
0,4.5087836548981475,5+
1,9.262316683039016,1-5
1,9.57660907045166,1-5
0,3.988236442057697,0
0,2.3952504942809854,0
1,11.54217791053473,1-5
1,9.6553249991994,0
0,4.898147265122537,0
1,9.44209225012309,5+
0,3.764883199275412,0
1,9.31407551905123,1-5
0,2.9006052378056886,1-5
2,17.777086498053304,5+
0,3.265488001577604,0
0,3.4680337161528207,0
0,4.0597407956136,0
0,5.788075724852377,1-5
1,9.514508999262654,1-5
0,3.2638642039695376,1-5
2,16.75433836075734,5+
0,5.231000626785481,1-5
0,5.038434957216452,1-5
0,5.21573424117084,0
0,6.894361900582451,0
0,6.685094895036112,0
1,8.813284656996705,1-5
1,11.123884992811153,5+
1,9.8831681897589,1-5
1,9.99909581613775,5+
1,7.807729168356671,5+
0,4.329614234611804,5+
1,8.687176409663435,5+
2,16.32805881489331,1-5
1,10.571080500402806,0
1,7.425513648983689,0
0,4.4779651359957295,0
2,16.621861504794254,5+
2,15.313321037686555,5+
1,10.229063645002364,5+
2,15.851165467627084,5+
0,4.841660231952626,0
0,4.228685021931702,0
2,14.28341919586429,1-5
2,14.378469852574973,1-5
0,5.209352514455317,0
0,4.519458255518883,0
0,4.361487755392775,0
0,4.076109957677647,0
2,15.194811154519249,5+
1,10.546911794488139,1-5
0,4.1647559181319735,0
0,3.1589352866984313,0
0,5.243651775540173,5+
0,4.2951233361352825,0
1,9.531395865532776,1-5
2,17.10757830639951,5+
2,15.479439442649493,5+
0,4.789183673118726,1-5
2,14.321076508701674,1-5
2,15.28033054764904,5+
2,16.1095260452086,1-5
1,7.944626266158758,1-5
0,4.70084509311571,0
0,4.600791072644807,0
0,4.541287455587439,0
0,5.537158898658243,0
0,4.834438514848522,0
1,10.978071898356443,1-5
1,8.506410484405963,1-5
1,9.635924567218348,0
0,4.584466786389948,0
2,14.43074550624492,5+
2,16.456295002091345,5+
2,17.82467330585282,1-5
2,15.482993925516169,1-5
1,10.005021088273766,1-5
2,15.584518475815328,5+
0,3.786415330092824,0
0,2.679239722197984,0
0,3.7942265169046347,0
0,3.1080416190482687,1-5
0,6.204102078059118,0
1,9.38489030607676,5+
2,15.15408067095283,5+
1,10.389153824787806,0
0,3.378248897144112,1-5
2,14.733135961995448,1-5
1,9.56807226924862,5+
0,5.5287689914234805,0
1,10.001685045168788,1-5
0,4.748325142515882,0
0,4.578117735236017,1-5
2,15.900235855526775,0
0,4.701652905129254,0
1,8.470027725223064,0
2,15.546079221633152,1-5
1,8.426311341082247,1-5
0,4.581082542900823,0
0,4.019352058511759,0
0,7.039381622782861,0
1,9.460105616248288,0
1,8.09576043373841,0
0,4.3658197893230755,0
2,16.019358745637888,5+
1,11.173363946152524,0
0,3.9105476000612818,1-5
1,7.9175720259763605,1-5
1,10.316837011430982,1-5
0,3.119401294100349,0
0,4.063844558492515,1-5
2,15.242379514489006,1-5
1,9.430366546699892,1-5
1,10.189164457074336,1-5
1,8.816365717713612,1-5
0,4.226270747833239,1-5
0,4.485729647050611,0
1,9.649597957518788,1-5
0,4.5978271747079225,0
0,4.93600577522258,0
2,16.343839509641736,1-5
2,15.892634115650967,5+
2,15.953585523509219,5+
2,13.917776833253523,5+
0,4.5502276991656805,1-5
2,15.979507548001608,5+
0,5.22894119457045,0
2,14.807649225766205,1-5
2,14.840960725111355,1-5
1,8.925899324716402,1-5
2,16.036413899891343,1-5
1,10.533881054924208,1-5
0,4.092539892708398,1-5
1,10.40796231362705,0
1,9.623479809164595,1-5
0,4.375714222837564,0
1,9.28861577018203,1-5
2,16.246611364602156,1-5
0,4.82557781678707,0
2,17.77582542764764,5+
2,14.647775357002676,5+
2,16.018101702029977,1-5
2,14.970798990188488,5+
1,8.630713013011356,1-5
2,15.489132862965027,5+
2,15.637352479407037,5+
0,7.4181735550600925,0
1,9.315854184316798,1-5
1,8.369821270515317,1-5
0,4.773010717494386,0
1,7.425359962453632,1-5
1,9.408043217395734,1-5
0,4.5160252822951605,0
1,10.29460038294521,1-5
2,16.473622249427848,1-5
1,8.996430381092283,0
0,4.349385985370067,1-5
0,3.733879169389329,0
0,3.371937445192306,0
2,15.809894779380635,5+
0,3.226414451403401,1-5
1,9.085373099428137,5+
0,3.5048260401007627,0
0,5.04968318629026,0
2,17.301430099266486,5+
1,8.198412017196668,1-5
0,2.646981517102431,0
1,9.375113114649933,5+
0,4.515697795957759,0
1,9.718659306757298,5+
1,9.053679484765656,5+
0,4.299360701174568,0
0,4.867510410540602,1-5
0,5.540430892644839,1-5
2,13.544951229681716,1-5
2,15.131060560968537,5+
0,4.713808793941063,0
2,14.582023895389264,1-5
0,6.231169631767299,1-5
0,3.864590119771263,0
2,15.458707312992717,1-5
2,16.05602209684229,5+
2,14.908715211198105,5+
1,7.6534269521955824,0
0,4.071345473083467,0
2,16.52944055592704,1-5
0,4.163104873214861,0
1,8.653565698541021,0
0,5.425672209502721,0
1,9.169225103976947,1-5
0,3.9898391863497826,0
0,4.6494560896633095,1-5
2,16.270750209618786,0
0,6.8817135317325455,0
1,10.327236107657424,0
0,5.659839966388344,0
0,3.9940338010121446,0
0,3.4741318940305237,0
0,4.562331349619123,0
2,15.607169915259597,1-5
0,3.421487258635403,0
2,15.324705470095987,5+
1,9.899317601719131,1-5
1,9.86039339501808,1-5
1,10.004287853384273,1-5
1,9.790964730137443,1-5
2,14.992991340729944,1-5
0,3.986099373351157,0
0,3.301048602006124,0
2,17.284775039185096,5+
2,15.513450364619294,5+
2,15.275146944205147,5+
1,8.571207918547541,0
2,18.43565790232778,5+
1,8.426671967777104,5+
1,9.071152074393927,1-5
0,4.9158368362860605,0
1,10.100212965744278,1-5
0,5.457932055215684,0
0,6.307608507769263,0
2,16.00615765546071,5+
0,3.443969200033332,0
0,4.243054874878219,0
0,4.807832372513885,1-5
2,17.568226041505824,5+
1,8.102194521575703,1-5
1,10.702576505225228,1-5
2,15.679914369546417,1-5
2,16.337830535229482,1-5
0,4.398005283364068,0
1,8.657567369873673,1-5
2,16.25087277940133,5+
1,10.154431027105622,0
0,5.472056965739722,0
2,15.486695364621365,1-5
1,8.900177976680151,1-5
0,2.9412130049761585,0
1,10.319373268139406,1-5
0,4.923889482443986,1-5
0,3.5342173671360406,0
2,14.961426326703375,5+
0,4.033241188048559,0
1,8.017015568017582,1-5
1,8.682317603394866,1-5
0,3.366169643193646,1-5
2,15.087520988112063,5+
0,3.7613025016704373,0
0,2.8729950791332515,0
0,6.522590230569481,1-5
0,5.752540731029231,0
0,3.7209805784800145,0
1,9.772421396653609,1-5
2,15.917465089821295,5+
0,5.691085854773477,0
1,8.681394973339922,5+
1,10.592106783982427,1-5
2,14.952094695793065,1-5
1,8.164137595831386,1-5
0,5.2241365593144975,1-5
0,5.790758424122428,0
1,12.087908973530684,0
2,14.300274734909786,0
0,5.198919685080789,0
0,4.090198756206467,0
2,16.28335871052403,5+
2,14.02951044876875,1-5
2,14.237230224301436,5+
2,14.724125176833516,1-5
0,4.5789640456680845,0
1,8.858918733461644,1-5
1,10.15905434391342,1-5
0,5.526894618257915,0
1,10.099577541245356,1-5
1,11.118787639660868,0
0,4.915826629455343,1-5
2,14.283103289659833,5+
1,10.86337651353834,1-5
2,14.894843764394002,5+
0,5.41041849968557,1-5
0,6.073734216555106,0
1,9.9566880107304,5+
0,3.0038411868353503,1-5
1,8.581787833490209,1-5
2,16.822744466885137,1-5
0,4.330877314357184,0
1,9.579573534942165,0
1,10.258824416163609,1-5
0,5.196322862080324,0
2,15.778799812385461,5+
2,15.291331628779535,5+
1,9.187331554267642,1-5
1,10.357898825291343,1-5
1,10.053569531067794,0
2,15.24269999938221,1-5
1,10.582112312993141,1-5
1,9.370965884870216,0
2,14.648337825665607,0
0,3.7410293010966553,1-5
2,14.521259163690234,5+
0,4.227589983396313,0
0,5.733724278336193,0
0,3.694904818969491,1-5
2,15.688475761018102,1-5
2,14.843310654372587,0
1,9.239690958728563,5+
1,7.989958788014748,1-5
1,9.279461770843463,0
2,15.306294620195038,5+
1,10.040287944035695,1-5
0,4.723280913255371,0
0,3.3016078750479547,0
2,16.58419824404354,1-5
1,9.710303040221996,5+
0,4.698393517177487,0
0,4.490817646614861,0
2,14.98224255277778,5+
0,4.717802339748726,0
1,9.975588435928582,5+
2,13.753104308654445,5+
1,8.961239162653904,5+
0,4.245053029596411,0
1,9.756170605694278,1-5
2,16.693311005927125,5+
1,8.728259185403218,5+
2,15.002038153182157,1-5
0,3.98746588935345,1-5
1,8.698472409895459,1-5
1,9.152813504887737,0
2,16.27080221998797,5+
0,3.4461645046356546,1-5
2,15.927814395152904,5+
1,7.7980977699816645,1-5
0,3.938662003557794,5+
0,4.170510699782014,0
2,17.174859672914064,5+
0,4.225197695247312,0
0,2.2987565265490817,0
0,2.50111109313875,0
2,15.534029586346682,5+
